"p","not_SPNE","gCC_satisfied?","gCC_how_determined?","gCC_required_non_negative","gCD_satisfied?","gCD_how_determined?","gCD_required_non_negative","gDC_satisfied?","gDC_how_determined?","gDC_required_non_negative","gDD_satisfied?","gDD_how_determined?","gDD_required_non_negative","bCC_satisfied?","bCC_how_determined?","bCC_required_non_negative","bCD_satisfied?","bCD_how_determined?","bCD_required_non_negative","bDC_satisfied?","bDC_how_determined?","bDC_required_non_negative","bDD_satisfied?","bDD_how_determined?","bDD_required_non_negative"
"_00000000","False","True","directly","c","True","directly","c","True","directly","c","True","directly","c","True","directly","c","True","directly","c","True","directly","c","True","directly","c"
"_00000001","True","True","normalised","(b2 - c)*d + c","True","directly","c","True","directly","c","False","directly","(b2 - c)*d^2/(d^2 - 1) - b2 - (b2 - c)/(d^2 - 1)","True","normalised","(b2 - c)*d + c","True","normalised","(b2 - c)*d + c","True","normalised","(b2 - c)*d + c","True","normalised","(b2 - c)*d + c"
"_00000010","True","False","delta = 1","-b2 + c","True","directly","c","False","directly","-c","True","directly","c","False","delta = 1","-b2 + c","False","delta = 1","-b2 + c","False","delta = 1","-b2 + c","False","delta = 1","-b2 + c"
"_00000011","True","True","directly","(b2 - c)*d^3/(d^2 - 1) - b2*d + c - (b2 - c)*d/(d^2 - 1)","False","delta = 1","-b2 + c","False","directly","-c","False","directly","(b2 - c)*d^2/(d^2 - 1) - b2 - (b2 - c)/(d^2 - 1)","True","directly","(b2 - c)*d^3/(d^2 - 1) - b2*d + c - (b2 - c)*d/(d^2 - 1)","True","directly","(b2 - c)*d^3/(d^2 - 1) - b2*d + c - (b2 - c)*d/(d^2 - 1)","True","directly","(b2 - c)*d^3/(d^2 - 1) - b2*d + c - (b2 - c)*d/(d^2 - 1)","True","directly","(b2 - c)*d^3/(d^2 - 1) - b2*d + c - (b2 - c)*d/(d^2 - 1)"
"_00000100","True","True","directly","c*d + c","False","directly","-c","True","directly","c","True","directly","c","True","directly","c*d + c","True","directly","c*d + c","True","directly","c*d + c","True","directly","c*d + c"
"_00000101","True","True","normalised","c*(d + 1) + (b2 - c)*d","False","directly","-c","False","delta = 1","-b2 + c","False","directly","(b2 - c)*d^2/(d^2 - 1) - b2 - (b2 - c)/(d^2 - 1)","True","normalised","c*(d + 1) + (b2 - c)*d","True","normalised","c*(d + 1) + (b2 - c)*d","True","normalised","c*(d + 1) + (b2 - c)*d","True","normalised","c*(d + 1) + (b2 - c)*d"
"_00000110","True","","delta = 1","-b2 + 2*c","False","directly","-c","False","directly","-c","True","directly","c","","delta = 1","-b2 + 2*c","","delta = 1","-b2 + 2*c","","delta = 1","-b2 + 2*c","","delta = 1","-b2 + 2*c"
"_00000111","True","True","directly","c","False","directly","(b2 - c)*d^2/(d^2 - 1) - b2 - (b2 - c)/(d^2 - 1)","False","directly","(b2 - c)*d^2/(d^2 - 1) - b2 - (b2 - c)/(d^2 - 1)","False","directly","(b2 - c)*d^2/(d^2 - 1) - b2 - (b2 - c)/(d^2 - 1)","True","directly","c","True","directly","c","True","directly","c","True","directly","c"
"_00001000","False","True","directly","c","True","directly","c","True","directly","c","True","directly","c","True","directly","c","True","directly","c","True","directly","c","True","directly","c"
"_00001001","True","True","normalised","(b2 - c)*d + c","True","directly","c","True","directly","c","False","directly","(b2 - c)*d^2/(d^2 - 1) - b2 - (b2 - c)/(d^2 - 1)","True","normalised","(b2 - c)*d + c","True","normalised","(b2 - c)*d + c","True","normalised","(b2 - c)*d + c","True","normalised","(b2 - c)*d + c"
"_00001010","True","False","delta = 1","-b2 + c","True","directly","c","False","directly","-c","True","directly","c","False","delta = 1","-b2 + c","False","delta = 1","-b2 + c","False","delta = 1","-b2 + c","False","delta = 1","-b2 + c"
"_00001011","True","True","directly","(b2 - c)*d^3/(d^2 - 1) - b2*d + c - (b2 - c)*d/(d^2 - 1)","False","delta = 1","-b2 + c","False","directly","-c","False","directly","(b2 - c)*d^2/(d^2 - 1) - b2 - (b2 - c)/(d^2 - 1)","True","directly","(b2 - c)*d^3/(d^2 - 1) - b2*d + c - (b2 - c)*d/(d^2 - 1)","True","directly","(b2 - c)*d^3/(d^2 - 1) - b2*d + c - (b2 - c)*d/(d^2 - 1)","True","directly","(b2 - c)*d^3/(d^2 - 1) - b2*d + c - (b2 - c)*d/(d^2 - 1)","True","directly","(b2 - c)*d^3/(d^2 - 1) - b2*d + c - (b2 - c)*d/(d^2 - 1)"
"_00001100","True","True","directly","c*d + c","False","directly","-c","True","directly","c","True","directly","c","True","directly","c*d + c","True","directly","c*d + c","True","directly","c*d + c","True","directly","c*d + c"
"_00001101","True","True","normalised","c*(d + 1) + (b2 - c)*d","False","directly","-c","False","delta = 1","-b2 + c","False","directly","(b2 - c)*d^2/(d^2 - 1) - b2 - (b2 - c)/(d^2 - 1)","True","normalised","c*(d + 1) + (b2 - c)*d","True","normalised","c*(d + 1) + (b2 - c)*d","True","normalised","c*(d + 1) + (b2 - c)*d","True","normalised","c*(d + 1) + (b2 - c)*d"
"_00001110","True","","delta = 1","-b2 + 2*c","False","directly","-c","False","directly","-c","True","directly","c","","delta = 1","-b2 + 2*c","","delta = 1","-b2 + 2*c","","delta = 1","-b2 + 2*c","","delta = 1","-b2 + 2*c"
"_00001111","True","True","directly","c","False","directly","(b2 - c)*d^2/(d^2 - 1) - b2 - (b2 - c)/(d^2 - 1)","False","directly","(b2 - c)*d^2/(d^2 - 1) - b2 - (b2 - c)/(d^2 - 1)","False","directly","(b2 - c)*d^2/(d^2 - 1) - b2 - (b2 - c)/(d^2 - 1)","True","directly","c","True","directly","c","True","directly","c","True","directly","c"
"_00010000","True","True","directly","c","True","directly","(b1 - c)*d^3/(d^3 - 1) + c - (b1 - c)*d/(d^3 - 1)","True","directly","(b1 - c)*d^3/(d^3 - 1) + c - (b1 - c)*d/(d^3 - 1)","True","directly","(b1 - c)*d^3/(d^3 - 1) + c - (b1 - c)*d/(d^3 - 1)","True","directly","c","True","directly","c","True","directly","c","False","directly","(b1 - c)*d^2/(d^3 - 1) - b1 - (b1 - c)/(d^3 - 1)"
"_00010001","True","","delta = 1","-2*b1 + 3*b2 + c","True","directly","-(b2 - c)*d^3/(d^2 - 1) + (b1 - c)*d + (b2 - c)*d^2/(d^2 - 1) + c","True","directly","-(b2 - c)*d^3/(d^2 - 1) + (b1 - c)*d + (b2 - c)*d^2/(d^2 - 1) + c","False","directly","(b2 - c)*d^2/(d^2 - 1) - b2 - (b2 - c)/(d^2 - 1)","","delta = 1","-2*b1 + 3*b2 + c","","delta = 1","-2*b1 + 3*b2 + c","","delta = 1","-2*b1 + 3*b2 + c","False","normalised","-(b1 - b2)*d^2 - c"
"_00010010","True","","delta = 1","2*b1 - 3*b2 + c","True","directly","c","False","delta = 1","-b1 + c","True","directly","(b1 - c)*d^3/(d^3 - 1) + c - (b1 - c)*d/(d^3 - 1)","","delta = 1","2*b1 - 3*b2 + c","","delta = 1","2*b1 - 3*b2 + c","","delta = 1","2*b1 - 3*b2 + c","True","delta = 1","b1 - c"
"_00010011","True","True","directly","(b2 - c)*d^3/(d^2 - 1) - b2*d + c - (b2 - c)*d/(d^2 - 1)","False","delta = 1","-b2 + c","False","directly","(b2 - c)*d^3/(d^2 - 1) - (b1 - c)*d - (b2 - c)*d^2/(d^2 - 1) - c","False","directly","(b2 - c)*d^2/(d^2 - 1) - b2 - (b2 - c)/(d^2 - 1)","True","directly","(b2 - c)*d^3/(d^2 - 1) - b2*d + c - (b2 - c)*d/(d^2 - 1)","True","directly","(b2 - c)*d^3/(d^2 - 1) - b2*d + c - (b2 - c)*d/(d^2 - 1)","True","directly","(b2 - c)*d^3/(d^2 - 1) - b2*d + c - (b2 - c)*d/(d^2 - 1)","True","delta = 1","b2 - c"
"_00010100","True","True","directly","(b1 - c)*d^4/(d^3 - 1) + c*d - (b1 - c)*d^2/(d^3 - 1) + c","False","delta = 1","-b1 + c","True","directly","c","True","directly","(b1 - c)*d^3/(d^3 - 1) + c - (b1 - c)*d/(d^3 - 1)","True","directly","(b1 - c)*d^4/(d^3 - 1) + c*d - (b1 - c)*d^2/(d^3 - 1) + c","True","directly","(b1 - c)*d^4/(d^3 - 1) + c*d - (b1 - c)*d^2/(d^3 - 1) + c","True","directly","(b1 - c)*d^4/(d^3 - 1) + c*d - (b1 - c)*d^2/(d^3 - 1) + c","","delta = 1","b1 - 3*b2 - 4*c"
"_00010101","True","True","normalised","c*(d + 1) + (b2 - c)*d","False","directly","(b2 - c)*d^3/(d^2 - 1) - (b1 - c)*d - (b2 - c)*d^2/(d^2 - 1) - c","False","delta = 1","-b2 + c","False","directly","(b2 - c)*d^2/(d^2 - 1) - b2 - (b2 - c)/(d^2 - 1)","True","normalised","c*(d + 1) + (b2 - c)*d","True","normalised","c*(d + 1) + (b2 - c)*d","True","normalised","c*(d + 1) + (b2 - c)*d","False","directly","(b2 - c)*d^3/(d^2 - 1) - b2*d - (b2 - c)*d^2/(d^2 - 1) - c"
"_00010110","True","","delta = 1","2*b1 - 3*b2 + 4*c","False","directly","-c","False","directly","-c","True","directly","(b1 - c)*d^3/(d^3 - 1) + c - (b1 - c)*d/(d^3 - 1)","","delta = 1","2*b1 - 3*b2 + 4*c","","delta = 1","2*b1 - 3*b2 + 4*c","","delta = 1","2*b1 - 3*b2 + 4*c","","delta = 1","b1 - 3*b2 - c"
"_00010111","True","True","directly","c","False","directly","(b2 - c)*d^2/(d^2 - 1) - b2 - (b2 - c)/(d^2 - 1)","False","directly","(b2 - c)*d^2/(d^2 - 1) - b2 - (b2 - c)/(d^2 - 1)","False","directly","(b2 - c)*d^2/(d^2 - 1) - b2 - (b2 - c)/(d^2 - 1)","True","directly","c","True","directly","c","True","directly","c","False","directly","-(b2 - c)*d^2/(d^2 - 1) - c + (b2 - c)*d/(d^2 - 1)"
"_00011000","True","True","directly","c","True","directly","(b1 - c)*d^3/(d^3 - 1) + c - (b1 - c)*d/(d^3 - 1)","True","directly","(b1 - c)*d^3/(d^3 - 1) + c - (b1 - c)*d/(d^3 - 1)","True","directly","(b1 - c)*d^3/(d^3 - 1) + c - (b1 - c)*d/(d^3 - 1)","True","directly","c","True","directly","c","True","directly","c","False","directly","(b1 - c)*d^2/(d^3 - 1) - b1 - (b1 - c)/(d^3 - 1)"
"_00011001","True","","delta = 1","-2*b1 + 3*b2 + c","True","directly","-(b2 - c)*d^3/(d^2 - 1) + (b1 - c)*d + (b2 - c)*d^2/(d^2 - 1) + c","True","directly","-(b2 - c)*d^3/(d^2 - 1) + (b1 - c)*d + (b2 - c)*d^2/(d^2 - 1) + c","False","directly","(b2 - c)*d^2/(d^2 - 1) - b2 - (b2 - c)/(d^2 - 1)","","delta = 1","-2*b1 + 3*b2 + c","","delta = 1","-2*b1 + 3*b2 + c","","delta = 1","-2*b1 + 3*b2 + c","False","normalised","-(b1 - b2)*d^2 - c"
"_00011010","True","","delta = 1","2*b1 - 3*b2 + c","True","directly","c","False","delta = 1","-b1 + c","True","directly","(b1 - c)*d^3/(d^3 - 1) + c - (b1 - c)*d/(d^3 - 1)","","delta = 1","2*b1 - 3*b2 + c","","delta = 1","2*b1 - 3*b2 + c","","delta = 1","2*b1 - 3*b2 + c","True","delta = 1","b1 - c"
"_00011011","True","True","directly","(b2 - c)*d^3/(d^2 - 1) - b2*d + c - (b2 - c)*d/(d^2 - 1)","False","delta = 1","-b2 + c","False","directly","(b2 - c)*d^3/(d^2 - 1) - (b1 - c)*d - (b2 - c)*d^2/(d^2 - 1) - c","False","directly","(b2 - c)*d^2/(d^2 - 1) - b2 - (b2 - c)/(d^2 - 1)","True","directly","(b2 - c)*d^3/(d^2 - 1) - b2*d + c - (b2 - c)*d/(d^2 - 1)","True","directly","(b2 - c)*d^3/(d^2 - 1) - b2*d + c - (b2 - c)*d/(d^2 - 1)","True","directly","(b2 - c)*d^3/(d^2 - 1) - b2*d + c - (b2 - c)*d/(d^2 - 1)","True","delta = 1","b2 - c"
"_00011100","True","True","directly","(b1 - c)*d^4/(d^3 - 1) + c*d - (b1 - c)*d^2/(d^3 - 1) + c","False","delta = 1","-b1 + c","True","directly","c","True","directly","(b1 - c)*d^3/(d^3 - 1) + c - (b1 - c)*d/(d^3 - 1)","True","directly","(b1 - c)*d^4/(d^3 - 1) + c*d - (b1 - c)*d^2/(d^3 - 1) + c","True","directly","(b1 - c)*d^4/(d^3 - 1) + c*d - (b1 - c)*d^2/(d^3 - 1) + c","True","directly","(b1 - c)*d^4/(d^3 - 1) + c*d - (b1 - c)*d^2/(d^3 - 1) + c","","delta = 1","b1 - 3*b2 - 4*c"
"_00011101","True","True","normalised","c*(d + 1) + (b2 - c)*d","False","directly","(b2 - c)*d^3/(d^2 - 1) - (b1 - c)*d - (b2 - c)*d^2/(d^2 - 1) - c","False","delta = 1","-b2 + c","False","directly","(b2 - c)*d^2/(d^2 - 1) - b2 - (b2 - c)/(d^2 - 1)","True","normalised","c*(d + 1) + (b2 - c)*d","True","normalised","c*(d + 1) + (b2 - c)*d","True","normalised","c*(d + 1) + (b2 - c)*d","False","directly","(b2 - c)*d^3/(d^2 - 1) - b2*d - (b2 - c)*d^2/(d^2 - 1) - c"
"_00011110","True","","delta = 1","2*b1 - 3*b2 + 4*c","False","directly","-c","False","directly","-c","True","directly","(b1 - c)*d^3/(d^3 - 1) + c - (b1 - c)*d/(d^3 - 1)","","delta = 1","2*b1 - 3*b2 + 4*c","","delta = 1","2*b1 - 3*b2 + 4*c","","delta = 1","2*b1 - 3*b2 + 4*c","","delta = 1","b1 - 3*b2 - c"
"_00011111","True","True","directly","c","False","directly","(b2 - c)*d^2/(d^2 - 1) - b2 - (b2 - c)/(d^2 - 1)","False","directly","(b2 - c)*d^2/(d^2 - 1) - b2 - (b2 - c)/(d^2 - 1)","False","directly","(b2 - c)*d^2/(d^2 - 1) - b2 - (b2 - c)/(d^2 - 1)","True","directly","c","True","directly","c","True","directly","c","False","directly","-(b2 - c)*d^2/(d^2 - 1) - c + (b2 - c)*d/(d^2 - 1)"
"_00100000","True","True","directly","c","False","delta = 1","-b1 + c","False","delta = 1","-b1 + c","False","delta = 1","-b1 + c","True","directly","c","True","directly","c","False","directly","-c","True","directly","c"
"_00100001","True","True","normalised","(b2 - c)*d + c","False","delta = 1","-b1 + b2","False","delta = 1","-b1 + b2","True","delta = 1","b2 - c","True","normalised","(b2 - c)*d + c","","delta = 1","-b2 + 3*c","False","delta = 1","-b2 + c","True","normalised","(b2 - c)*d + c"
"_00100010","True","False","delta = 1","-2*b2 + 2*c","True","delta = 1","b2 - c","True","delta = 1","b1 - c","False","delta = 1","-2*b1 + 2*c","False","delta = 1","-2*b2 + 2*c","True","delta = 1","b1 - c","True","delta = 1","b2 - c","False","delta = 1","-2*b2 + 2*c"
"_00100011","True","False","delta = 1","-b2 + c","False","delta = 1","-b2 + c","True","delta = 1","b1 - b2","False","delta = 1","-b2 + c","False","delta = 1","-b2 + c","True","delta = 1","b1 - b2","False","delta = 1","-b2 + c","False","delta = 1","-b2 + c"
"_00100100","True","False","delta = 1","-2*b1 - 2*b2 + 4*c","True","delta = 1","b1 + b2 - 2*c","True","delta = 1","b1 + b2 - 2*c","False","delta = 1","-2*b1 - 2*b2 + 4*c","False","delta = 1","-2*b1 - 2*b2 + 4*c","True","delta = 1","b1 + b2 - 2*c","True","delta = 1","b1 + b2 - 2*c","False","delta = 1","-2*b1 - 2*b2 + 4*c"
"_00100101","True","False","delta = 1","-2*b1 + 2*c","True","delta = 1","b1 - b2","","delta = 1","b1 - 3*b2 + 2*c","False","delta = 1","-2*b1 + 2*c","False","delta = 1","-2*b1 + 2*c","True","delta = 1","b1 - b2","","delta = 1","b1 - 3*b2 + 2*c","False","delta = 1","-2*b1 + 2*c"
"_00100110","True","","delta = 1","-b2 + 2*c","False","delta = 1","-b2 + c","False","delta = 1","-b2 + c","False","delta = 1","-b1 - b2 + 2*c","","delta = 1","-b2 + 2*c","True","directly","(b2 - c)*d + c","","delta = 1","b2 - 2*c","","delta = 1","-b2 + 2*c"
"_00100111","True","True","directly","c","False","directly","c*d + (b2 - c)*d^2/(d^2 - 1) - b2 - (b2 - c)/(d^2 - 1)","False","directly","c*d + (b2 - c)*d^2/(d^2 - 1) - b2 - (b2 - c)/(d^2 - 1)","False","directly","c*d + (b2 - c)*d^2/(d^2 - 1) - b2 - (b2 - c)/(d^2 - 1)","True","directly","c","True","directly","(b2 - c)*d^2/(d^2 - 1) + c - (b2 - c)*d/(d^2 - 1)","False","directly","-c + (b2 - c)*d/(d^2 - 1)","True","directly","c"
"_00101000","True","True","directly","c","False","delta = 1","-b1 + c","False","delta = 1","-b1 + c","False","delta = 1","-b1 + c","True","directly","c","True","directly","c","False","directly","-c","True","directly","c"
"_00101001","True","True","normalised","(b2 - c)*d + c","False","delta = 1","-b1 + b2","False","delta = 1","-b1 + b2","True","delta = 1","b2 - c","True","normalised","(b2 - c)*d + c","","delta = 1","-b2 + 3*c","False","delta = 1","-b2 + c","True","normalised","(b2 - c)*d + c"
"_00101010","True","False","delta = 1","-2*b2 + 2*c","True","delta = 1","b2 - c","True","delta = 1","b1 - c","False","delta = 1","-2*b1 + 2*c","False","delta = 1","-2*b2 + 2*c","True","delta = 1","b1 - c","True","delta = 1","b2 - c","False","delta = 1","-2*b2 + 2*c"
"_00101011","True","False","delta = 1","-b2 + c","False","delta = 1","-b2 + c","True","delta = 1","b1 - b2","False","delta = 1","-b2 + c","False","delta = 1","-b2 + c","True","delta = 1","b1 - b2","False","delta = 1","-b2 + c","False","delta = 1","-b2 + c"
"_00101100","True","False","delta = 1","-2*b1 - 2*b2 + 4*c","True","delta = 1","b1 + b2 - 2*c","True","delta = 1","b1 + b2 - 2*c","False","delta = 1","-2*b1 - 2*b2 + 4*c","False","delta = 1","-2*b1 - 2*b2 + 4*c","True","delta = 1","b1 + b2 - 2*c","True","delta = 1","b1 + b2 - 2*c","False","delta = 1","-2*b1 - 2*b2 + 4*c"
"_00101101","True","False","delta = 1","-2*b1 + 2*c","True","delta = 1","b1 - b2","","delta = 1","b1 - 3*b2 + 2*c","False","delta = 1","-2*b1 + 2*c","False","delta = 1","-2*b1 + 2*c","True","delta = 1","b1 - b2","","delta = 1","b1 - 3*b2 + 2*c","False","delta = 1","-2*b1 + 2*c"
"_00101110","True","","delta = 1","-b2 + 2*c","False","delta = 1","-b2 + c","False","delta = 1","-b2 + c","False","delta = 1","-b1 - b2 + 2*c","","delta = 1","-b2 + 2*c","True","directly","(b2 - c)*d + c","","delta = 1","b2 - 2*c","","delta = 1","-b2 + 2*c"
"_00101111","True","True","directly","c","False","directly","c*d + (b2 - c)*d^2/(d^2 - 1) - b2 - (b2 - c)/(d^2 - 1)","False","directly","c*d + (b2 - c)*d^2/(d^2 - 1) - b2 - (b2 - c)/(d^2 - 1)","False","directly","c*d + (b2 - c)*d^2/(d^2 - 1) - b2 - (b2 - c)/(d^2 - 1)","True","directly","c","True","directly","(b2 - c)*d^2/(d^2 - 1) + c - (b2 - c)*d/(d^2 - 1)","False","directly","-c + (b2 - c)*d/(d^2 - 1)","True","directly","c"
"_00110000","True","True","directly","c","False","delta = 1","-b1 + c","False","delta = 1","-b1 + c","False","delta = 1","-b1 + c","True","directly","c","False","delta = 1","-b1 + c","False","directly","(b1 - c)*d^2/(d^3 - 1) - c","False","directly","(b1 - c)*d^2/(d^3 - 1) - b1 - (b1 - c)/(d^3 - 1)"
"_00110001","True","","delta = 1","-2*b1 + 3*b2 + c","False","delta = 1","-b1 + b2","False","delta = 1","-b1 + b2","","delta = 1","-2*b1 + 3*b2 - c","","delta = 1","-2*b1 + 3*b2 + c","True","normalised","(b1 - b2)*d^2 + c","False","delta = 1","-b2 + c","False","normalised","-(b1 - b2)*d^2 - c"
"_00110010","True","","delta = 1","2*b1 - 6*b2 + 4*c","","delta = 1","-2*b1 + 3*b2 - c","False","delta = 1","-b1 + c","False","delta = 1","-4*b1 + 4*c","","delta = 1","2*b1 - 6*b2 + 4*c","False","delta = 1","-b1 + c","False","delta = 1","-4*b1 + 3*b2 + c","False","delta = 1","-4*b1 + 4*c"
"_00110011","True","False","delta = 1","-b2 + c","False","delta = 1","-b2 + c","True","delta = 1","b1 - b2","False","delta = 1","-b2 + c","False","delta = 1","-b2 + c","True","delta = 1","b1 - b2","False","delta = 1","-b2 + c","False","delta = 1","-2*b1 + b2 + c"
"_00110100","True","False","delta = 1","-2*b1 - 6*b2 + 8*c","False","delta = 1","-5*b1 + 3*b2 + 2*c","","delta = 1","-b1 + 3*b2 - 2*c","False","delta = 1","-2*b1 - 6*b2 + 8*c","False","delta = 1","-2*b1 - 6*b2 + 8*c","False","delta = 1","-5*b1 + 3*b2 + 2*c","False","delta = 1","-5*b1 + 3*b2 + 2*c","False","delta = 1","-2*b1 - 6*b2 + 8*c"
"_00110101","True","False","delta = 1","-2*b1 + 2*c","True","delta = 1","b1 - b2","","delta = 1","b1 - 3*b2 + 2*c","False","delta = 1","-2*b1 + 2*c","False","delta = 1","-2*b1 + 2*c","True","delta = 1","b1 - b2","","delta = 1","b1 - 3*b2 + 2*c","False","delta = 1","-2*b1 + 2*c"
"_00110110","True","","delta = 1","2*b1 - 3*b2 + 4*c","","delta = 1","2*b1 - 3*b2 + c","","delta = 1","2*b1 - 3*b2 + c","","delta = 1","b1 - 3*b2 + 2*c","","delta = 1","2*b1 - 3*b2 + 4*c","False","delta = 1","-b1 + c","False","delta = 1","-b1 + c","","delta = 1","b1 - 3*b2 - c"
"_00110111","True","True","directly","c","False","directly","c*d + (b2 - c)*d^2/(d^2 - 1) - b2 - (b2 - c)/(d^2 - 1)","False","directly","c*d + (b2 - c)*d^2/(d^2 - 1) - b2 - (b2 - c)/(d^2 - 1)","False","directly","c*d + (b2 - c)*d^2/(d^2 - 1) - b2 - (b2 - c)/(d^2 - 1)","True","directly","c","True","directly","(b2 - c)*d^2/(d^2 - 1) + c - (b2 - c)*d/(d^2 - 1)","False","directly","-c + (b2 - c)*d/(d^2 - 1)","False","directly","-(b2 - c)*d^2/(d^2 - 1) - c + (b2 - c)*d/(d^2 - 1)"
"_00111000","True","True","directly","c","False","delta = 1","-b1 + c","False","delta = 1","-b1 + c","False","delta = 1","-b1 + c","True","directly","c","False","delta = 1","-b1 + c","False","directly","(b1 - c)*d^2/(d^3 - 1) - c","False","directly","(b1 - c)*d^2/(d^3 - 1) - b1 - (b1 - c)/(d^3 - 1)"
"_00111001","True","","delta = 1","-2*b1 + 3*b2 + c","False","delta = 1","-b1 + b2","False","delta = 1","-b1 + b2","","delta = 1","-2*b1 + 3*b2 - c","","delta = 1","-2*b1 + 3*b2 + c","True","normalised","(b1 - b2)*d^2 + c","False","delta = 1","-b2 + c","False","normalised","-(b1 - b2)*d^2 - c"
"_00111010","True","","delta = 1","2*b1 - 6*b2 + 4*c","","delta = 1","-2*b1 + 3*b2 - c","False","delta = 1","-b1 + c","False","delta = 1","-4*b1 + 4*c","","delta = 1","2*b1 - 6*b2 + 4*c","False","delta = 1","-b1 + c","False","delta = 1","-4*b1 + 3*b2 + c","False","delta = 1","-4*b1 + 4*c"
"_00111011","True","False","delta = 1","-b2 + c","False","delta = 1","-b2 + c","True","delta = 1","b1 - b2","False","delta = 1","-b2 + c","False","delta = 1","-b2 + c","True","delta = 1","b1 - b2","False","delta = 1","-b2 + c","False","delta = 1","-2*b1 + b2 + c"
"_00111100","True","False","delta = 1","-2*b1 - 6*b2 + 8*c","False","delta = 1","-5*b1 + 3*b2 + 2*c","","delta = 1","-b1 + 3*b2 - 2*c","False","delta = 1","-2*b1 - 6*b2 + 8*c","False","delta = 1","-2*b1 - 6*b2 + 8*c","False","delta = 1","-5*b1 + 3*b2 + 2*c","False","delta = 1","-5*b1 + 3*b2 + 2*c","False","delta = 1","-2*b1 - 6*b2 + 8*c"
"_00111101","True","False","delta = 1","-2*b1 + 2*c","True","delta = 1","b1 - b2","","delta = 1","b1 - 3*b2 + 2*c","False","delta = 1","-2*b1 + 2*c","False","delta = 1","-2*b1 + 2*c","True","delta = 1","b1 - b2","","delta = 1","b1 - 3*b2 + 2*c","False","delta = 1","-2*b1 + 2*c"
"_00111110","True","","delta = 1","2*b1 - 3*b2 + 4*c","","delta = 1","2*b1 - 3*b2 + c","","delta = 1","2*b1 - 3*b2 + c","","delta = 1","b1 - 3*b2 + 2*c","","delta = 1","2*b1 - 3*b2 + 4*c","False","delta = 1","-b1 + c","False","delta = 1","-b1 + c","","delta = 1","b1 - 3*b2 - c"
"_00111111","True","True","directly","c","False","directly","c*d + (b2 - c)*d^2/(d^2 - 1) - b2 - (b2 - c)/(d^2 - 1)","False","directly","c*d + (b2 - c)*d^2/(d^2 - 1) - b2 - (b2 - c)/(d^2 - 1)","False","directly","c*d + (b2 - c)*d^2/(d^2 - 1) - b2 - (b2 - c)/(d^2 - 1)","True","directly","c","True","directly","(b2 - c)*d^2/(d^2 - 1) + c - (b2 - c)*d/(d^2 - 1)","False","directly","-c + (b2 - c)*d/(d^2 - 1)","False","directly","-(b2 - c)*d^2/(d^2 - 1) - c + (b2 - c)*d/(d^2 - 1)"
"_01000000","True","True","directly","c","True","directly","c*d + c","True","directly","c*d + c","True","directly","c*d + c","True","directly","c","False","directly","-c","True","directly","c","True","directly","c"
"_01000001","True","True","normalised","(b2 - c)*d + c","True","normalised","(b2 - c)*d^2 + c*d + c","True","normalised","(b2 - c)*d^2 + c*d + c","False","delta = 1","-b1 + b2 - 2*c","True","normalised","(b2 - c)*d + c","False","delta = 1","-b2 + c","","delta = 1","-b2 + 3*c","True","normalised","(b2 - c)*d + c"
"_01000010","True","False","delta = 1","-2*b1 - 2*b2 + 4*c","True","delta = 1","b1 + b2 - 2*c","True","delta = 1","b1 + b2 - 2*c","False","delta = 1","-2*b1 - 2*b2 + 4*c","False","delta = 1","-2*b1 - 2*b2 + 4*c","True","delta = 1","b1 + b2 - 2*c","True","delta = 1","b1 + b2 - 2*c","False","delta = 1","-2*b1 - 2*b2 + 4*c"
"_01000011","True","False","delta = 1","-2*b1 + 2*c","","delta = 1","b1 - 3*b2 + 2*c","True","delta = 1","b1 - b2","False","delta = 1","-2*b1 + 2*c","False","delta = 1","-2*b1 + 2*c","","delta = 1","b1 - 3*b2 + 2*c","True","delta = 1","b1 - b2","False","delta = 1","-2*b1 + 2*c"
"_01000100","True","True","directly","-(c*d + c)*d/(d^2 - 1) - (c*d + c)/(d^2 - 1)","False","directly","(c*d + c)/(d^2 - 1)","True","directly","-b2 + c - (b1*d + b2)/(d^2 - 1)","True","directly","-(c*d + c)*d/(d^2 - 1) - (c*d + c)/(d^2 - 1)","True","directly","-(c*d + c)*d/(d^2 - 1) - (c*d + c)/(d^2 - 1)","False","directly","(c*d + c)/(d^2 - 1)","True","directly","-b1 + c - (b2*d + b1)/(d^2 - 1)","True","directly","-(c*d + c)*d/(d^2 - 1) - (c*d + c)/(d^2 - 1)"
"_01000101","True","True","directly","-(c*d + c)*d/(d^2 - 1) - (b2 - c)*d/(d^2 - 1) - (c*d + c)/(d^2 - 1)","False","directly","(b2 - c)*d^2/(d^2 - 1) + (c*d + c)/(d^2 - 1)","True","delta = 1","b1 - b2 + 2*c","False","normalised","-(b2 - c)*d^2 - c*d^2 - 2*(b1 - b2)*d - 2*(b2 - c)*d - 2*c*d - c","True","directly","-(c*d + c)*d/(d^2 - 1) - (b2 - c)*d/(d^2 - 1) - (c*d + c)/(d^2 - 1)","False","directly","2*(b2 - c)*d/(d^2 - 1) + (c*d + c)/(d^2 - 1)","True","normalised","(b1 - b2)*d^2 + (b2 - c)*d + c*d + c","True","directly","-(c*d + c)*d/(d^2 - 1) - (b2 - c)*d/(d^2 - 1) - (c*d + c)/(d^2 - 1)"
"_01000110","True","","delta = 1","-b2 + 2*c","False","directly","-(b2 - c)*d^2 - b1*d - c","False","directly","-(b2 - c)*d^2 - b1*d - c","","delta = 1","-b2 + 3*c","","delta = 1","-b2 + 2*c","","delta = 1","b2 - 2*c","True","directly","(b2 - c)*d + c","","delta = 1","-b2 + 2*c"
"_01000111","True","True","directly","c","False","normalised","-c*(d + 1) - (b1 - c)*d","False","normalised","-c*(d + 1) - (b1 - c)*d","False","normalised","-c*(d + 1) - (b1 - c)*d","True","directly","c","False","directly","-c + (b2 - c)*d/(d^2 - 1)","True","directly","(b2 - c)*d^2/(d^2 - 1) + c - (b2 - c)*d/(d^2 - 1)","True","directly","c"
"_01001000","True","True","directly","c","True","directly","c*d + c","True","directly","c*d + c","True","directly","c*d + c","True","directly","c","False","directly","-c","True","directly","c","True","directly","c"
"_01001001","True","True","normalised","(b2 - c)*d + c","True","normalised","(b2 - c)*d^2 + c*d + c","True","normalised","(b2 - c)*d^2 + c*d + c","False","delta = 1","-b1 + b2 - 2*c","True","normalised","(b2 - c)*d + c","False","delta = 1","-b2 + c","","delta = 1","-b2 + 3*c","True","normalised","(b2 - c)*d + c"
"_01001010","True","False","delta = 1","-2*b1 - 2*b2 + 4*c","True","delta = 1","b1 + b2 - 2*c","True","delta = 1","b1 + b2 - 2*c","False","delta = 1","-2*b1 - 2*b2 + 4*c","False","delta = 1","-2*b1 - 2*b2 + 4*c","True","delta = 1","b1 + b2 - 2*c","True","delta = 1","b1 + b2 - 2*c","False","delta = 1","-2*b1 - 2*b2 + 4*c"
"_01001011","True","False","delta = 1","-2*b1 + 2*c","","delta = 1","b1 - 3*b2 + 2*c","True","delta = 1","b1 - b2","False","delta = 1","-2*b1 + 2*c","False","delta = 1","-2*b1 + 2*c","","delta = 1","b1 - 3*b2 + 2*c","True","delta = 1","b1 - b2","False","delta = 1","-2*b1 + 2*c"
"_01001100","True","True","directly","-(c*d + c)*d/(d^2 - 1) - (c*d + c)/(d^2 - 1)","False","directly","(c*d + c)/(d^2 - 1)","True","directly","-b2 + c - (b1*d + b2)/(d^2 - 1)","True","directly","-(c*d + c)*d/(d^2 - 1) - (c*d + c)/(d^2 - 1)","True","directly","-(c*d + c)*d/(d^2 - 1) - (c*d + c)/(d^2 - 1)","False","directly","(c*d + c)/(d^2 - 1)","True","directly","-b1 + c - (b2*d + b1)/(d^2 - 1)","True","directly","-(c*d + c)*d/(d^2 - 1) - (c*d + c)/(d^2 - 1)"
"_01001101","True","True","directly","-(c*d + c)*d/(d^2 - 1) - (b2 - c)*d/(d^2 - 1) - (c*d + c)/(d^2 - 1)","False","directly","(b2 - c)*d^2/(d^2 - 1) + (c*d + c)/(d^2 - 1)","True","delta = 1","b1 - b2 + 2*c","False","normalised","-(b2 - c)*d^2 - c*d^2 - 2*(b1 - b2)*d - 2*(b2 - c)*d - 2*c*d - c","True","directly","-(c*d + c)*d/(d^2 - 1) - (b2 - c)*d/(d^2 - 1) - (c*d + c)/(d^2 - 1)","False","directly","2*(b2 - c)*d/(d^2 - 1) + (c*d + c)/(d^2 - 1)","True","normalised","(b1 - b2)*d^2 + (b2 - c)*d + c*d + c","True","directly","-(c*d + c)*d/(d^2 - 1) - (b2 - c)*d/(d^2 - 1) - (c*d + c)/(d^2 - 1)"
"_01001110","True","","delta = 1","-b2 + 2*c","False","directly","-(b2 - c)*d^2 - b1*d - c","False","directly","-(b2 - c)*d^2 - b1*d - c","","delta = 1","-b2 + 3*c","","delta = 1","-b2 + 2*c","","delta = 1","b2 - 2*c","True","directly","(b2 - c)*d + c","","delta = 1","-b2 + 2*c"
"_01001111","True","True","directly","c","False","normalised","-c*(d + 1) - (b1 - c)*d","False","normalised","-c*(d + 1) - (b1 - c)*d","False","normalised","-c*(d + 1) - (b1 - c)*d","True","directly","c","False","directly","-c + (b2 - c)*d/(d^2 - 1)","True","directly","(b2 - c)*d^2/(d^2 - 1) + c - (b2 - c)*d/(d^2 - 1)","True","directly","c"
"_01010000","True","True","directly","c","True","directly","(b1 - c)*d^3/(d^3 - 1) + c*d + c - (b1 - c)*d/(d^3 - 1)","True","directly","(b1 - c)*d^3/(d^3 - 1) + c*d + c - (b1 - c)*d/(d^3 - 1)","True","directly","(b1 - c)*d^3/(d^3 - 1) + c*d + c - (b1 - c)*d/(d^3 - 1)","True","directly","c","False","directly","(b1 - c)*d^2/(d^3 - 1) - c","False","delta = 1","-b1 + c","False","directly","(b1 - c)*d^2/(d^3 - 1) - b1 - (b1 - c)/(d^3 - 1)"
"_01010001","True","","delta = 1","-2*b1 + 3*b2 + c","True","delta = 1","b2 + c","True","delta = 1","b2 + c","False","normalised","-(b1 - b2)*d^4 - (b1 - b2)*d^3 - (b1 - b2 + c)*d^2 - (b1 + c)*d - c","","delta = 1","-2*b1 + 3*b2 + c","False","delta = 1","-b2 + c","True","normalised","(b1 - b2)*d^2 + c","False","normalised","-(b1 - b2)*d^2 - c"
"_01010010","True","False","delta = 1","-2*b1 - 6*b2 + 8*c","","delta = 1","-b1 + 3*b2 - 2*c","False","delta = 1","-5*b1 + 3*b2 + 2*c","False","delta = 1","-2*b1 - 6*b2 + 8*c","False","delta = 1","-2*b1 - 6*b2 + 8*c","False","delta = 1","-5*b1 + 3*b2 + 2*c","False","delta = 1","-5*b1 + 3*b2 + 2*c","False","delta = 1","-2*b1 - 6*b2 + 8*c"
"_01010011","True","False","delta = 1","-2*b1 + 2*c","","delta = 1","b1 - 3*b2 + 2*c","True","delta = 1","b1 - b2","False","delta = 1","-2*b1 + 2*c","False","delta = 1","-2*b1 + 2*c","","delta = 1","b1 - 3*b2 + 2*c","True","delta = 1","b1 - b2","False","delta = 1","-2*b1 + 2*c"
"_01010100","True","True","directly","-(b1 - c)*d^2/(d^3 - 1) - (c*d + c)*d/(d^2 - 1) - (c*d + c)/(d^2 - 1)","False","directly","2*(b1 - c)*d/(d^3 - 1) + (c*d + c)/(d^2 - 1)","True","delta = 1","b1 + 3*b2 + 2*c","True","directly","-(c*d + c)*d/(d^2 - 1) - (b1 - c)*d/(d^3 - 1) - (c*d + c)/(d^2 - 1)","True","directly","-(b1 - c)*d^2/(d^3 - 1) - (c*d + c)*d/(d^2 - 1) - (c*d + c)/(d^2 - 1)","False","directly","2*(b1 - c)*d^2/(d^3 - 1) + (c*d + c)/(d^2 - 1)","","delta = 1","-b1 + 3*b2 + 4*c","False","normalised","-(b1 - b2)*d^4 - (b2 - c)*d^4 - c*d^4 - (b1 - b2)*d^3 - 3*(b2 - c)*d^3 - 3*c*d^3 - 2*(b1 - b2)*d^2 - 4*(b2 - c)*d^2 - 4*c*d^2 - 2*(b2 - c)*d - 3*c*d - c"
"_01010101","True","True","directly","-(c*d + c)*d/(d^2 - 1) - (b2 - c)*d/(d^2 - 1) - (c*d + c)/(d^2 - 1)","False","directly","(b2 - c)*d^3/(d^2 - 1) - (b1 - c)*d + (c*d + c)/(d^2 - 1)","True","delta = 1","b1 - b2 + 2*c","False","normalised","-(b2 - c)*d^2 - c*d^2 - 2*(b1 - b2)*d - 2*(b2 - c)*d - 2*c*d - c","True","directly","-(c*d + c)*d/(d^2 - 1) - (b2 - c)*d/(d^2 - 1) - (c*d + c)/(d^2 - 1)","False","directly","2*(b2 - c)*d/(d^2 - 1) + (c*d + c)/(d^2 - 1)","True","normalised","(b1 - b2)*d^2 + (b2 - c)*d + c*d + c","False","normalised","-2*(b1 - b2)*d^2 - (b2 - c)*d^2 - c*d^2 - 2*(b2 - c)*d - 2*c*d - c"
"_01010110","True","","delta = 1","2*b1 - 3*b2 + 4*c","False","delta = 1","-b1 - 3*b2 - 2*c","False","delta = 1","-b1 - 3*b2 - 2*c","True","normalised","(b1 - b2)*d^4 + (b1 - b2 + c)*d^3 + (b1 - b2 + 2*c)*d^2 + (b1 + c)*d + c","","delta = 1","2*b1 - 3*b2 + 4*c","False","delta = 1","-b1 + c","False","delta = 1","-b1 + c","","delta = 1","b1 - 3*b2 - c"
"_01010111","True","True","directly","c","False","normalised","-c*(d + 1) - (b1 - c)*d","False","normalised","-c*(d + 1) - (b1 - c)*d","False","normalised","-c*(d + 1) - (b1 - c)*d","True","directly","c","False","directly","-c + (b2 - c)*d/(d^2 - 1)","True","directly","(b2 - c)*d^2/(d^2 - 1) + c - (b2 - c)*d/(d^2 - 1)","False","directly","-(b2 - c)*d^2/(d^2 - 1) - c + (b2 - c)*d/(d^2 - 1)"
"_01011000","True","True","directly","c","True","directly","(b1 - c)*d^3/(d^3 - 1) + c*d + c - (b1 - c)*d/(d^3 - 1)","True","directly","(b1 - c)*d^3/(d^3 - 1) + c*d + c - (b1 - c)*d/(d^3 - 1)","True","directly","(b1 - c)*d^3/(d^3 - 1) + c*d + c - (b1 - c)*d/(d^3 - 1)","True","directly","c","False","directly","(b1 - c)*d^2/(d^3 - 1) - c","False","delta = 1","-b1 + c","False","directly","(b1 - c)*d^2/(d^3 - 1) - b1 - (b1 - c)/(d^3 - 1)"
"_01011001","True","","delta = 1","-2*b1 + 3*b2 + c","True","delta = 1","b2 + c","True","delta = 1","b2 + c","False","normalised","-(b1 - b2)*d^4 - (b1 - b2)*d^3 - (b1 - b2 + c)*d^2 - (b1 + c)*d - c","","delta = 1","-2*b1 + 3*b2 + c","False","delta = 1","-b2 + c","True","normalised","(b1 - b2)*d^2 + c","False","normalised","-(b1 - b2)*d^2 - c"
"_01011010","True","False","delta = 1","-2*b1 - 6*b2 + 8*c","","delta = 1","-b1 + 3*b2 - 2*c","False","delta = 1","-5*b1 + 3*b2 + 2*c","False","delta = 1","-2*b1 - 6*b2 + 8*c","False","delta = 1","-2*b1 - 6*b2 + 8*c","False","delta = 1","-5*b1 + 3*b2 + 2*c","False","delta = 1","-5*b1 + 3*b2 + 2*c","False","delta = 1","-2*b1 - 6*b2 + 8*c"
"_01011011","True","False","delta = 1","-2*b1 + 2*c","","delta = 1","b1 - 3*b2 + 2*c","True","delta = 1","b1 - b2","False","delta = 1","-2*b1 + 2*c","False","delta = 1","-2*b1 + 2*c","","delta = 1","b1 - 3*b2 + 2*c","True","delta = 1","b1 - b2","False","delta = 1","-2*b1 + 2*c"
"_01011100","True","True","directly","-(b1 - c)*d^2/(d^3 - 1) - (c*d + c)*d/(d^2 - 1) - (c*d + c)/(d^2 - 1)","False","directly","2*(b1 - c)*d/(d^3 - 1) + (c*d + c)/(d^2 - 1)","True","delta = 1","b1 + 3*b2 + 2*c","True","directly","-(c*d + c)*d/(d^2 - 1) - (b1 - c)*d/(d^3 - 1) - (c*d + c)/(d^2 - 1)","True","directly","-(b1 - c)*d^2/(d^3 - 1) - (c*d + c)*d/(d^2 - 1) - (c*d + c)/(d^2 - 1)","False","directly","2*(b1 - c)*d^2/(d^3 - 1) + (c*d + c)/(d^2 - 1)","","delta = 1","-b1 + 3*b2 + 4*c","False","normalised","-(b1 - b2)*d^4 - (b2 - c)*d^4 - c*d^4 - (b1 - b2)*d^3 - 3*(b2 - c)*d^3 - 3*c*d^3 - 2*(b1 - b2)*d^2 - 4*(b2 - c)*d^2 - 4*c*d^2 - 2*(b2 - c)*d - 3*c*d - c"
"_01011101","True","True","directly","-(c*d + c)*d/(d^2 - 1) - (b2 - c)*d/(d^2 - 1) - (c*d + c)/(d^2 - 1)","False","directly","(b2 - c)*d^3/(d^2 - 1) - (b1 - c)*d + (c*d + c)/(d^2 - 1)","True","delta = 1","b1 - b2 + 2*c","False","normalised","-(b2 - c)*d^2 - c*d^2 - 2*(b1 - b2)*d - 2*(b2 - c)*d - 2*c*d - c","True","directly","-(c*d + c)*d/(d^2 - 1) - (b2 - c)*d/(d^2 - 1) - (c*d + c)/(d^2 - 1)","False","directly","2*(b2 - c)*d/(d^2 - 1) + (c*d + c)/(d^2 - 1)","True","normalised","(b1 - b2)*d^2 + (b2 - c)*d + c*d + c","False","normalised","-2*(b1 - b2)*d^2 - (b2 - c)*d^2 - c*d^2 - 2*(b2 - c)*d - 2*c*d - c"
"_01011110","True","","delta = 1","2*b1 - 3*b2 + 4*c","False","delta = 1","-b1 - 3*b2 - 2*c","False","delta = 1","-b1 - 3*b2 - 2*c","True","normalised","(b1 - b2)*d^4 + (b1 - b2 + c)*d^3 + (b1 - b2 + 2*c)*d^2 + (b1 + c)*d + c","","delta = 1","2*b1 - 3*b2 + 4*c","False","delta = 1","-b1 + c","False","delta = 1","-b1 + c","","delta = 1","b1 - 3*b2 - c"
"_01011111","True","True","directly","c","False","normalised","-c*(d + 1) - (b1 - c)*d","False","normalised","-c*(d + 1) - (b1 - c)*d","False","normalised","-c*(d + 1) - (b1 - c)*d","True","directly","c","False","directly","-c + (b2 - c)*d/(d^2 - 1)","True","directly","(b2 - c)*d^2/(d^2 - 1) + c - (b2 - c)*d/(d^2 - 1)","False","directly","-(b2 - c)*d^2/(d^2 - 1) - c + (b2 - c)*d/(d^2 - 1)"
"_01100000","True","True","directly","c","","delta = 1","-b1 + 2*c","","delta = 1","-b1 + 2*c","","delta = 1","-b1 + 2*c","True","directly","c","False","directly","-c","False","directly","-c","True","directly","c"
"_01100001","True","True","normalised","(b2 - c)*d + c","","delta = 1","-2*b1 + b2 + 3*c","","delta = 1","-2*b1 + b2 + 3*c","False","directly","(b2 - c)*d^3/(d^2 - 1) - (b1 - c)*d - b2 - (b2 - c)/(d^2 - 1)","True","normalised","(b2 - c)*d + c","","delta = 1","b2 - 3*c","","delta = 1","b2 - 3*c","True","normalised","(b2 - c)*d + c"
"_01100010","True","False","delta = 1","-b1 - b2 + 2*c","True","directly","(b1 - c)*d + c","","delta = 1","b1 - 2*c","","delta = 1","-b1 + 2*c","False","delta = 1","-b1 - b2 + 2*c","False","delta = 1","-b1 + c","False","delta = 1","-b1 + c","False","delta = 1","-b1 - b2 + 2*c"
"_01100011","True","False","delta = 1","-2*b1 + b2 + c","False","delta = 1","-b2 + c","","delta = 1","2*b1 - b2 - 3*c","False","directly","(b2 - c)*d^3/(d^2 - 1) - (b1 - c)*d - b2 - (b2 - c)/(d^2 - 1)","False","delta = 1","-2*b1 + b2 + c","False","delta = 1","-b1 + b2","False","delta = 1","-b1 + b2","False","delta = 1","-2*b1 + b2 + c"
"_01100100","True","","delta = 1","-b1 + 3*c","","delta = 1","b1 - 2*c","True","directly","(b1 - c)*d + c","","delta = 1","-b1 + 2*c","","delta = 1","-b1 + 3*c","False","directly","-(b1 - c)*d^2 - b2*d - c","False","directly","-(b1 - c)*d^2 - b2*d - c","","delta = 1","-b1 + 3*c"
"_01100101","True","","delta = 1","-2*b1 + 3*b2 + 3*c","","delta = 1","2*b1 - b2 - 3*c","False","delta = 1","-b2 + c","False","directly","(b2 - c)*d^3/(d^2 - 1) - (b1 - c)*d - b2 - (b2 - c)/(d^2 - 1)","","delta = 1","-2*b1 + 3*b2 + 3*c","False","normalised","-(b1 - b2)*d^2 - b2*d - c","False","normalised","-(b1 - b2)*d^2 - b2*d - c","","delta = 1","-2*b1 + 3*b2 + 3*c"
"_01100110","True","","delta = 1","-b2 + 2*c","False","directly","-(b1 - c)*d - c","False","directly","-(b1 - c)*d - c","","delta = 1","-b1 + 2*c","","delta = 1","-b2 + 2*c","False","directly","-(b2 - c)*d - c","False","directly","-(b2 - c)*d - c","","delta = 1","-b2 + 2*c"
"_01100111","True","True","directly","c","False","directly","(b2 - c)*d^3/(d^2 - 1) - (b1 - c)*d - b2 - (b2 - c)/(d^2 - 1)","False","directly","(b2 - c)*d^3/(d^2 - 1) - (b1 - c)*d - b2 - (b2 - c)/(d^2 - 1)","False","directly","(b2 - c)*d^3/(d^2 - 1) - (b1 - c)*d - b2 - (b2 - c)/(d^2 - 1)","True","directly","c","False","directly","-(b2 - c)*d^2/(d^2 - 1) - c + (b2 - c)*d/(d^2 - 1)","False","directly","-(b2 - c)*d^2/(d^2 - 1) - c + (b2 - c)*d/(d^2 - 1)","True","directly","c"
"_01101000","True","True","directly","c","","delta = 1","-b1 + 2*c","","delta = 1","-b1 + 2*c","","delta = 1","-b1 + 2*c","True","directly","c","False","directly","-c","False","directly","-c","True","directly","c"
"_01101001","True","True","normalised","(b2 - c)*d + c","","delta = 1","-2*b1 + b2 + 3*c","","delta = 1","-2*b1 + b2 + 3*c","False","directly","(b2 - c)*d^3/(d^2 - 1) - (b1 - c)*d - b2 - (b2 - c)/(d^2 - 1)","True","normalised","(b2 - c)*d + c","","delta = 1","b2 - 3*c","","delta = 1","b2 - 3*c","True","normalised","(b2 - c)*d + c"
"_01101010","True","False","delta = 1","-b1 - b2 + 2*c","True","directly","(b1 - c)*d + c","","delta = 1","b1 - 2*c","","delta = 1","-b1 + 2*c","False","delta = 1","-b1 - b2 + 2*c","False","delta = 1","-b1 + c","False","delta = 1","-b1 + c","False","delta = 1","-b1 - b2 + 2*c"
"_01101011","True","False","delta = 1","-2*b1 + b2 + c","False","delta = 1","-b2 + c","","delta = 1","2*b1 - b2 - 3*c","False","directly","(b2 - c)*d^3/(d^2 - 1) - (b1 - c)*d - b2 - (b2 - c)/(d^2 - 1)","False","delta = 1","-2*b1 + b2 + c","False","delta = 1","-b1 + b2","False","delta = 1","-b1 + b2","False","delta = 1","-2*b1 + b2 + c"
"_01101100","True","","delta = 1","-b1 + 3*c","","delta = 1","b1 - 2*c","True","directly","(b1 - c)*d + c","","delta = 1","-b1 + 2*c","","delta = 1","-b1 + 3*c","False","directly","-(b1 - c)*d^2 - b2*d - c","False","directly","-(b1 - c)*d^2 - b2*d - c","","delta = 1","-b1 + 3*c"
"_01101101","True","","delta = 1","-2*b1 + 3*b2 + 3*c","","delta = 1","2*b1 - b2 - 3*c","False","delta = 1","-b2 + c","False","directly","(b2 - c)*d^3/(d^2 - 1) - (b1 - c)*d - b2 - (b2 - c)/(d^2 - 1)","","delta = 1","-2*b1 + 3*b2 + 3*c","False","normalised","-(b1 - b2)*d^2 - b2*d - c","False","normalised","-(b1 - b2)*d^2 - b2*d - c","","delta = 1","-2*b1 + 3*b2 + 3*c"
"_01101110","True","","delta = 1","-b2 + 2*c","False","directly","-(b1 - c)*d - c","False","directly","-(b1 - c)*d - c","","delta = 1","-b1 + 2*c","","delta = 1","-b2 + 2*c","False","directly","-(b2 - c)*d - c","False","directly","-(b2 - c)*d - c","","delta = 1","-b2 + 2*c"
"_01101111","True","True","directly","c","False","directly","(b2 - c)*d^3/(d^2 - 1) - (b1 - c)*d - b2 - (b2 - c)/(d^2 - 1)","False","directly","(b2 - c)*d^3/(d^2 - 1) - (b1 - c)*d - b2 - (b2 - c)/(d^2 - 1)","False","directly","(b2 - c)*d^3/(d^2 - 1) - (b1 - c)*d - b2 - (b2 - c)/(d^2 - 1)","True","directly","c","False","directly","-(b2 - c)*d^2/(d^2 - 1) - c + (b2 - c)*d/(d^2 - 1)","False","directly","-(b2 - c)*d^2/(d^2 - 1) - c + (b2 - c)*d/(d^2 - 1)","True","directly","c"
"_01110000","True","True","directly","c","True","directly","c","True","directly","c","True","directly","c","True","directly","c","False","directly","(b1 - c)*d^2/(d^3 - 1) - b1 - (b1 - c)/(d^3 - 1)","False","directly","(b1 - c)*d^2/(d^3 - 1) - b1 - (b1 - c)/(d^3 - 1)","False","directly","(b1 - c)*d^2/(d^3 - 1) - b1 - (b1 - c)/(d^3 - 1)"
"_01110001","True","","delta = 1","-2*b1 + 3*b2 + c","True","directly","c","True","directly","c","False","directly","(b2 - c)*d^3/(d^2 - 1) - (b1 - c)*d - b2 - (b2 - c)/(d^2 - 1)","","delta = 1","-2*b1 + 3*b2 + c","False","normalised","-(b1 - b2)*d^2 - c","False","normalised","-(b1 - b2)*d^2 - c","False","normalised","-(b1 - b2)*d^2 - c"
"_01110010","True","False","delta = 1","-b2 + c","True","directly","(b1 - c)*d^3/(d^3 - 1) + c - (b1 - c)*d/(d^3 - 1)","False","directly","-c + (b1 - c)*d/(d^3 - 1)","True","directly","c","False","delta = 1","-b2 + c","False","normalised","-(b1 - c)*d^2 + (d^3 - 1)*c","False","normalised","-(b1 - c)*d^2 + (d^3 - 1)*c","False","normalised","-(b1 - c)*d^2 + (d^3 - 1)*c"
"_01110011","True","False","delta = 1","-2*b1 + b2 + c","False","delta = 1","-b2 + c","False","directly","-c","False","directly","(b2 - c)*d^3/(d^2 - 1) - (b1 - c)*d - b2 - (b2 - c)/(d^2 - 1)","False","delta = 1","-2*b1 + b2 + c","False","delta = 1","-b1 + b2","False","delta = 1","-b1 + b2","False","delta = 1","-b1 + b2"
"_01110100","True","True","directly","c*d + c","False","directly","-c + (b1 - c)*d/(d^3 - 1)","True","directly","(b1 - c)*d^3/(d^3 - 1) + c - (b1 - c)*d/(d^3 - 1)","True","directly","c","True","directly","c*d + c","False","normalised","-(b2 - c)*d^3 - (b1 + b2 - 2*c)*d^2 - (d^3 + 2*d^2 + 2*d + 1)*c - (b2 - c)*d","False","normalised","-(b2 - c)*d^3 - (b1 + b2 - 2*c)*d^2 - (d^3 + 2*d^2 + 2*d + 1)*c - (b2 - c)*d","False","normalised","-(b2 - c)*d^3 - (b1 + b2 - 2*c)*d^2 - (d^3 + 2*d^2 + 2*d + 1)*c - (b2 - c)*d"
"_01110101","True","","delta = 1","-2*b1 + 3*b2 + 3*c","False","directly","-c","False","delta = 1","-b2 + c","False","directly","(b2 - c)*d^3/(d^2 - 1) - (b1 - c)*d - b2 - (b2 - c)/(d^2 - 1)","","delta = 1","-2*b1 + 3*b2 + 3*c","False","normalised","-(b1 - b2)*d^2 - b2*d - c","False","normalised","-(b1 - b2)*d^2 - b2*d - c","False","normalised","-(b1 - b2)*d^2 - b2*d - c"
"_01110110","True","","delta = 1","2*b1 - 3*b2 + 4*c","False","directly","-(b1 - c)*d^3/(d^3 - 1) - c + (b1 - c)*d/(d^3 - 1)","False","directly","-(b1 - c)*d^3/(d^3 - 1) - c + (b1 - c)*d/(d^3 - 1)","True","directly","c","","delta = 1","2*b1 - 3*b2 + 4*c","","delta = 1","b1 - 3*b2 - c","","delta = 1","b1 - 3*b2 - c","","delta = 1","b1 - 3*b2 - c"
"_01110111","True","True","directly","c","False","directly","(b2 - c)*d^3/(d^2 - 1) - (b1 - c)*d - b2 - (b2 - c)/(d^2 - 1)","False","directly","(b2 - c)*d^3/(d^2 - 1) - (b1 - c)*d - b2 - (b2 - c)/(d^2 - 1)","False","directly","(b2 - c)*d^3/(d^2 - 1) - (b1 - c)*d - b2 - (b2 - c)/(d^2 - 1)","True","directly","c","False","directly","-(b2 - c)*d^2/(d^2 - 1) - c + (b2 - c)*d/(d^2 - 1)","False","directly","-(b2 - c)*d^2/(d^2 - 1) - c + (b2 - c)*d/(d^2 - 1)","False","directly","-(b2 - c)*d^2/(d^2 - 1) - c + (b2 - c)*d/(d^2 - 1)"
"_01111000","True","True","directly","c","True","directly","c","True","directly","c","True","directly","c","True","directly","c","False","directly","(b1 - c)*d^2/(d^3 - 1) - b1 - (b1 - c)/(d^3 - 1)","False","directly","(b1 - c)*d^2/(d^3 - 1) - b1 - (b1 - c)/(d^3 - 1)","False","directly","(b1 - c)*d^2/(d^3 - 1) - b1 - (b1 - c)/(d^3 - 1)"
"_01111001","True","","delta = 1","-2*b1 + 3*b2 + c","True","directly","c","True","directly","c","False","directly","(b2 - c)*d^3/(d^2 - 1) - (b1 - c)*d - b2 - (b2 - c)/(d^2 - 1)","","delta = 1","-2*b1 + 3*b2 + c","False","normalised","-(b1 - b2)*d^2 - c","False","normalised","-(b1 - b2)*d^2 - c","False","normalised","-(b1 - b2)*d^2 - c"
"_01111010","True","False","delta = 1","-b2 + c","True","directly","(b1 - c)*d^3/(d^3 - 1) + c - (b1 - c)*d/(d^3 - 1)","False","directly","-c + (b1 - c)*d/(d^3 - 1)","True","directly","c","False","delta = 1","-b2 + c","False","normalised","-(b1 - c)*d^2 + (d^3 - 1)*c","False","normalised","-(b1 - c)*d^2 + (d^3 - 1)*c","False","normalised","-(b1 - c)*d^2 + (d^3 - 1)*c"
"_01111011","True","False","delta = 1","-2*b1 + b2 + c","False","delta = 1","-b2 + c","False","directly","-c","False","directly","(b2 - c)*d^3/(d^2 - 1) - (b1 - c)*d - b2 - (b2 - c)/(d^2 - 1)","False","delta = 1","-2*b1 + b2 + c","False","delta = 1","-b1 + b2","False","delta = 1","-b1 + b2","False","delta = 1","-b1 + b2"
"_01111100","True","True","directly","c*d + c","False","directly","-c + (b1 - c)*d/(d^3 - 1)","True","directly","(b1 - c)*d^3/(d^3 - 1) + c - (b1 - c)*d/(d^3 - 1)","True","directly","c","True","directly","c*d + c","False","normalised","-(b2 - c)*d^3 - (b1 + b2 - 2*c)*d^2 - (d^3 + 2*d^2 + 2*d + 1)*c - (b2 - c)*d","False","normalised","-(b2 - c)*d^3 - (b1 + b2 - 2*c)*d^2 - (d^3 + 2*d^2 + 2*d + 1)*c - (b2 - c)*d","False","normalised","-(b2 - c)*d^3 - (b1 + b2 - 2*c)*d^2 - (d^3 + 2*d^2 + 2*d + 1)*c - (b2 - c)*d"
"_01111101","True","","delta = 1","-2*b1 + 3*b2 + 3*c","False","directly","-c","False","delta = 1","-b2 + c","False","directly","(b2 - c)*d^3/(d^2 - 1) - (b1 - c)*d - b2 - (b2 - c)/(d^2 - 1)","","delta = 1","-2*b1 + 3*b2 + 3*c","False","normalised","-(b1 - b2)*d^2 - b2*d - c","False","normalised","-(b1 - b2)*d^2 - b2*d - c","False","normalised","-(b1 - b2)*d^2 - b2*d - c"
"_01111110","True","","delta = 1","2*b1 - 3*b2 + 4*c","False","directly","-(b1 - c)*d^3/(d^3 - 1) - c + (b1 - c)*d/(d^3 - 1)","False","directly","-(b1 - c)*d^3/(d^3 - 1) - c + (b1 - c)*d/(d^3 - 1)","True","directly","c","","delta = 1","2*b1 - 3*b2 + 4*c","","delta = 1","b1 - 3*b2 - c","","delta = 1","b1 - 3*b2 - c","","delta = 1","b1 - 3*b2 - c"
"_01111111","True","True","directly","c","False","directly","(b2 - c)*d^3/(d^2 - 1) - (b1 - c)*d - b2 - (b2 - c)/(d^2 - 1)","False","directly","(b2 - c)*d^3/(d^2 - 1) - (b1 - c)*d - b2 - (b2 - c)/(d^2 - 1)","False","directly","(b2 - c)*d^3/(d^2 - 1) - (b1 - c)*d - b2 - (b2 - c)/(d^2 - 1)","True","directly","c","False","directly","-(b2 - c)*d^2/(d^2 - 1) - c + (b2 - c)*d/(d^2 - 1)","False","directly","-(b2 - c)*d^2/(d^2 - 1) - c + (b2 - c)*d/(d^2 - 1)","False","directly","-(b2 - c)*d^2/(d^2 - 1) - c + (b2 - c)*d/(d^2 - 1)"
"_10000000","False","True","delta = 1","b1 - c","True","directly","c","True","directly","c","True","directly","c","True","delta = 1","b1 - c","True","directly","c","True","directly","c","True","directly","c"
"_10000001","False","","delta = 1","3*b1 - b2 - 3*c","True","directly","c","True","directly","c","","delta = 1","2*b1 - b2 - 2*c","","delta = 1","3*b1 - b2 - 3*c","True","normalised","(b1 - b2)*d^3 + (b1 - c)*d^2 + (b2 - c)*d + c","True","normalised","(b1 - b2)*d^3 + (b1 - c)*d^2 + (b2 - c)*d + c","True","normalised","(b1 - b2)*d^3 + (b1 - c)*d^2 + (b2 - c)*d + c"
"_10000010","True","True","delta = 1","b1 - c","False","delta = 1","-b1 + c","False","directly","-c","True","directly","c","True","delta = 1","b1 - c","False","delta = 1","-b2 + c","False","delta = 1","-b2 + c","False","delta = 1","-b2 + c"
"_10000011","True","True","delta = 1","3*b1 - b2 - 2*c","","delta = 1","-2*b1 + b2 + 2*c","False","directly","-c","","delta = 1","2*b1 - b2 - 2*c","True","delta = 1","3*b1 - b2 - 2*c","True","delta = 1","2*b1 - b2 - c","True","delta = 1","2*b1 - b2 - c","True","delta = 1","2*b1 - b2 - c"
"_10000100","True","True","delta = 1","b1 - c","False","directly","-c","False","delta = 1","-b1 + c","True","directly","c","True","delta = 1","b1 - c","True","directly","c*d + c","True","directly","c*d + c","True","directly","c*d + c"
"_10000101","True","","delta = 1","3*b1 - 2*b2 - 3*c","False","directly","-c","","delta = 1","-2*b1 + b2 + 2*c","","delta = 1","2*b1 - b2 - 2*c","","delta = 1","3*b1 - 2*b2 - 3*c","True","normalised","(b1 - b2)*d^3 + (b1 - c)*d^2 + b2*d + c","True","normalised","(b1 - b2)*d^3 + (b1 - c)*d^2 + b2*d + c","True","normalised","(b1 - b2)*d^3 + (b1 - c)*d^2 + b2*d + c"
"_10000110","True","","delta = 1","b1 - b2 - c","True","delta = 1","b1 - c","True","delta = 1","b1 - c","True","directly","c","","delta = 1","b1 - b2 - c","False","delta = 1","-b1 + c","False","delta = 1","-b1 + c","False","delta = 1","-b1 + c"
"_10000111","False","","delta = 1","b1 - b2 - c","","delta = 1","2*b1 - b2 - 2*c","","delta = 1","2*b1 - b2 - 2*c","","delta = 1","2*b1 - b2 - 2*c","","delta = 1","b1 - b2 - c","True","directly","c","True","directly","c","True","directly","c"
"_10001000","False","True","delta = 1","b1 - c","True","directly","c","True","directly","c","True","directly","c","True","delta = 1","b1 - c","True","directly","c","True","directly","c","True","directly","c"
"_10001001","False","","delta = 1","3*b1 - b2 - 3*c","True","directly","c","True","directly","c","","delta = 1","2*b1 - b2 - 2*c","","delta = 1","3*b1 - b2 - 3*c","True","normalised","(b1 - b2)*d^3 + (b1 - c)*d^2 + (b2 - c)*d + c","True","normalised","(b1 - b2)*d^3 + (b1 - c)*d^2 + (b2 - c)*d + c","True","normalised","(b1 - b2)*d^3 + (b1 - c)*d^2 + (b2 - c)*d + c"
"_10001010","True","True","delta = 1","b1 - c","False","delta = 1","-b1 + c","False","directly","-c","True","directly","c","True","delta = 1","b1 - c","False","delta = 1","-b2 + c","False","delta = 1","-b2 + c","False","delta = 1","-b2 + c"
"_10001011","True","True","delta = 1","3*b1 - b2 - 2*c","","delta = 1","-2*b1 + b2 + 2*c","False","directly","-c","","delta = 1","2*b1 - b2 - 2*c","True","delta = 1","3*b1 - b2 - 2*c","True","delta = 1","2*b1 - b2 - c","True","delta = 1","2*b1 - b2 - c","True","delta = 1","2*b1 - b2 - c"
"_10001100","True","True","delta = 1","b1 - c","False","directly","-c","False","delta = 1","-b1 + c","True","directly","c","True","delta = 1","b1 - c","True","directly","c*d + c","True","directly","c*d + c","True","directly","c*d + c"
"_10001101","True","","delta = 1","3*b1 - 2*b2 - 3*c","False","directly","-c","","delta = 1","-2*b1 + b2 + 2*c","","delta = 1","2*b1 - b2 - 2*c","","delta = 1","3*b1 - 2*b2 - 3*c","True","normalised","(b1 - b2)*d^3 + (b1 - c)*d^2 + b2*d + c","True","normalised","(b1 - b2)*d^3 + (b1 - c)*d^2 + b2*d + c","True","normalised","(b1 - b2)*d^3 + (b1 - c)*d^2 + b2*d + c"
"_10001110","True","","delta = 1","b1 - b2 - c","True","delta = 1","b1 - c","True","delta = 1","b1 - c","True","directly","c","","delta = 1","b1 - b2 - c","False","delta = 1","-b1 + c","False","delta = 1","-b1 + c","False","delta = 1","-b1 + c"
"_10001111","False","","delta = 1","b1 - b2 - c","","delta = 1","2*b1 - b2 - 2*c","","delta = 1","2*b1 - b2 - 2*c","","delta = 1","2*b1 - b2 - 2*c","","delta = 1","b1 - b2 - c","True","directly","c","True","directly","c","True","directly","c"
"_10010000","False","","delta = 1","b1 - 2*c","True","normalised","(b1 - c)*d^2 + (b1 - c)*d + c","True","normalised","(b1 - c)*d^2 + (b1 - c)*d + c","True","normalised","(b1 - c)*d^2 + (b1 - c)*d + c","","delta = 1","b1 - 2*c","True","directly","c","True","directly","c","","delta = 1","b1 - 2*c"
"_10010001","False","","delta = 1","b1 - 2*c","True","normalised","(b1 - b2)*d^2 + (b1 - c)*d + c","True","normalised","(b1 - b2)*d^2 + (b1 - c)*d + c","","delta = 1","2*b1 - b2 - 2*c","","delta = 1","b1 - 2*c","True","directly","(b2 - c)*d + c","True","directly","(b2 - c)*d + c","","delta = 1","b1 - 2*c"
"_10010010","True","True","delta = 1","3*b1 - 3*c","","delta = 1","-2*b1 + 3*c","False","normalised","-(b1 - c)*d^2 - (b1 - c)*d - c","True","normalised","(b1 - c)*d^2 + (b1 - c)*d + c","True","delta = 1","3*b1 - 3*c","True","delta = 1","2*b1 - b2 - c","True","delta = 1","2*b1 - b2 - c","True","delta = 1","3*b1 - 3*c"
"_10010011","True","True","delta = 1","3*b1 - b2 - 2*c","","delta = 1","-2*b1 + b2 + 2*c","False","normalised","-(b1 - b2)*d^2 - (b1 - c)*d - c","","delta = 1","2*b1 - b2 - 2*c","True","delta = 1","3*b1 - b2 - 2*c","True","delta = 1","2*b1 - b2 - c","True","delta = 1","2*b1 - b2 - c","True","delta = 1","3*b1 - b2 - 2*c"
"_10010100","True","","delta = 1","3*b1 - b2 - 4*c","False","normalised","-(b1 - c)*d^2 - (b1 - c)*d - c","","delta = 1","-2*b1 + 3*c","True","normalised","(b1 - c)*d^2 + (b1 - c)*d + c","","delta = 1","3*b1 - b2 - 4*c","True","directly","(b1 - c)*d^4/(d - 1) + c*d - (b1 - c)*d^2/(d - 1) + c","True","directly","(b1 - c)*d^4/(d - 1) + c*d - (b1 - c)*d^2/(d - 1) + c","","delta = 1","3*b1 - b2 - 4*c"
"_10010101","True","","delta = 1","3*b1 - 2*b2 - 3*c","False","normalised","-(b1 - b2)*d^2 - (b1 - c)*d - c","","delta = 1","-2*b1 + b2 + 2*c","","delta = 1","2*b1 - b2 - 2*c","","delta = 1","3*b1 - 2*b2 - 3*c","True","normalised","(b1 - b2)*d^3 + (b1 - c)*d^2 + b2*d + c","True","normalised","(b1 - b2)*d^3 + (b1 - c)*d^2 + b2*d + c","","delta = 1","3*b1 - 2*b2 - 3*c"
"_10010110","False","","delta = 1","b1 - b2 - c","","delta = 1","2*b1 - 3*c","","delta = 1","2*b1 - 3*c","True","normalised","(b1 - c)*d^2 + (b1 - c)*d + c","","delta = 1","b1 - b2 - c","","delta = 1","-b2 + 2*c","","delta = 1","-b2 + 2*c","","delta = 1","b1 - b2 - c"
"_10010111","False","","delta = 1","b1 - b2 - c","","delta = 1","2*b1 - b2 - 2*c","","delta = 1","2*b1 - b2 - 2*c","","delta = 1","2*b1 - b2 - 2*c","","delta = 1","b1 - b2 - c","True","directly","c","True","directly","c","","delta = 1","b1 - b2 - c"
"_10011000","False","","delta = 1","b1 - 2*c","True","normalised","(b1 - c)*d^2 + (b1 - c)*d + c","True","normalised","(b1 - c)*d^2 + (b1 - c)*d + c","True","normalised","(b1 - c)*d^2 + (b1 - c)*d + c","","delta = 1","b1 - 2*c","True","directly","c","True","directly","c","","delta = 1","b1 - 2*c"
"_10011001","False","","delta = 1","b1 - 2*c","True","normalised","(b1 - b2)*d^2 + (b1 - c)*d + c","True","normalised","(b1 - b2)*d^2 + (b1 - c)*d + c","","delta = 1","2*b1 - b2 - 2*c","","delta = 1","b1 - 2*c","True","directly","(b2 - c)*d + c","True","directly","(b2 - c)*d + c","","delta = 1","b1 - 2*c"
"_10011010","True","True","delta = 1","3*b1 - 3*c","","delta = 1","-2*b1 + 3*c","False","normalised","-(b1 - c)*d^2 - (b1 - c)*d - c","True","normalised","(b1 - c)*d^2 + (b1 - c)*d + c","True","delta = 1","3*b1 - 3*c","True","delta = 1","2*b1 - b2 - c","True","delta = 1","2*b1 - b2 - c","True","delta = 1","3*b1 - 3*c"
"_10011011","True","True","delta = 1","3*b1 - b2 - 2*c","","delta = 1","-2*b1 + b2 + 2*c","False","normalised","-(b1 - b2)*d^2 - (b1 - c)*d - c","","delta = 1","2*b1 - b2 - 2*c","True","delta = 1","3*b1 - b2 - 2*c","True","delta = 1","2*b1 - b2 - c","True","delta = 1","2*b1 - b2 - c","True","delta = 1","3*b1 - b2 - 2*c"
"_10011100","True","","delta = 1","3*b1 - b2 - 4*c","False","normalised","-(b1 - c)*d^2 - (b1 - c)*d - c","","delta = 1","-2*b1 + 3*c","True","normalised","(b1 - c)*d^2 + (b1 - c)*d + c","","delta = 1","3*b1 - b2 - 4*c","True","directly","(b1 - c)*d^4/(d - 1) + c*d - (b1 - c)*d^2/(d - 1) + c","True","directly","(b1 - c)*d^4/(d - 1) + c*d - (b1 - c)*d^2/(d - 1) + c","","delta = 1","3*b1 - b2 - 4*c"
"_10011101","True","","delta = 1","3*b1 - 2*b2 - 3*c","False","normalised","-(b1 - b2)*d^2 - (b1 - c)*d - c","","delta = 1","-2*b1 + b2 + 2*c","","delta = 1","2*b1 - b2 - 2*c","","delta = 1","3*b1 - 2*b2 - 3*c","True","normalised","(b1 - b2)*d^3 + (b1 - c)*d^2 + b2*d + c","True","normalised","(b1 - b2)*d^3 + (b1 - c)*d^2 + b2*d + c","","delta = 1","3*b1 - 2*b2 - 3*c"
"_10011110","False","","delta = 1","b1 - b2 - c","","delta = 1","2*b1 - 3*c","","delta = 1","2*b1 - 3*c","True","normalised","(b1 - c)*d^2 + (b1 - c)*d + c","","delta = 1","b1 - b2 - c","","delta = 1","-b2 + 2*c","","delta = 1","-b2 + 2*c","","delta = 1","b1 - b2 - c"
"_10011111","False","","delta = 1","b1 - b2 - c","","delta = 1","2*b1 - b2 - 2*c","","delta = 1","2*b1 - b2 - 2*c","","delta = 1","2*b1 - b2 - 2*c","","delta = 1","b1 - b2 - c","True","directly","c","True","directly","c","","delta = 1","b1 - b2 - c"
"_10100000","True","True","delta = 1","b1 - c","False","delta = 1","-b1 + c","False","delta = 1","-b1 + c","False","delta = 1","-b1 + c","True","delta = 1","b1 - c","False","delta = 1","-2*b1 + 2*c","False","directly","-c","True","directly","c"
"_10100001","True","","delta = 1","3*b1 - b2 - 3*c","True","delta = 1","b1 - c","True","delta = 1","b1 - c","True","delta = 1","4*b1 - b2 - 3*c","","delta = 1","3*b1 - b2 - 3*c","False","delta = 1","-b1 + c","False","normalised","-(b1 - b2)*d^3 - (b1 - c)*d^2 - (b2 - c)*d - c","True","normalised","(b1 - b2)*d^3 + (b1 - c)*d^2 + (b2 - c)*d + c"
"_10100010","True","True","delta = 1","b1 - c","False","delta = 1","-2*b1 + b2 + c","True","delta = 1","b1 - c","False","delta = 1","-2*b1 + 2*c","True","delta = 1","b1 - c","False","delta = 1","-3*b1 + 3*c","True","delta = 1","b2 - c","False","delta = 1","-2*b2 + 2*c"
"_10100011","True","True","delta = 1","b1 - c","False","delta = 1","-2*b1 + b2 + c","False","delta = 1","-b1 + c","True","delta = 1","2*b1 - 2*b2","True","delta = 1","b1 - c","False","delta = 1","-3*b1 + 3*c","False","delta = 1","-2*b1 + b2 + c","True","delta = 1","2*b1 - 2*b2"
"_10100100","True","True","delta = 1","2*b1 - 2*b2","True","delta = 1","b1 + b2 - 2*c","False","delta = 1","-3*b1 + b2 + 2*c","False","delta = 1","-2*b1 - 2*b2 + 4*c","True","delta = 1","2*b1 - 2*b2","False","delta = 1","-7*b1 + b2 + 6*c","True","delta = 1","b1 + b2 - 2*c","False","delta = 1","-2*b1 - 2*b2 + 4*c"
"_10100101","True","True","delta = 1","2*b1 - 2*b2","False","delta = 1","-3*b1 + b2 + 2*c","False","delta = 1","-3*b1 + b2 + 2*c","True","delta = 1","2*b1 - 2*b2","True","delta = 1","2*b1 - 2*b2","False","delta = 1","-7*b1 + b2 + 6*c","False","delta = 1","-3*b1 + b2 + 2*c","True","delta = 1","2*b1 - 2*b2"
"_10100110","True","","delta = 1","b1 - b2 - c","True","delta = 1","2*b1 - b2 - c","True","delta = 1","2*b1 - b2 - c","False","delta = 1","-b1 + c","","delta = 1","b1 - b2 - c","False","delta = 1","-b1 + c","True","delta = 1","b1 - c","False","delta = 1","-b1 + c"
"_10100111","True","","delta = 1","b1 - b2 - c","True","delta = 1","2*b1 - b2 - c","True","delta = 1","2*b1 - b2 - c","True","delta = 1","2*b1 - b2 - c","","delta = 1","b1 - b2 - c","False","delta = 1","-b1 + c","False","directly","-c","True","directly","c"
"_10101000","True","True","delta = 1","b1 - c","False","delta = 1","-b1 + c","False","delta = 1","-b1 + c","False","delta = 1","-b1 + c","True","delta = 1","b1 - c","False","delta = 1","-2*b1 + 2*c","False","directly","-c","True","directly","c"
"_10101001","True","","delta = 1","3*b1 - b2 - 3*c","True","delta = 1","b1 - c","True","delta = 1","b1 - c","True","delta = 1","4*b1 - b2 - 3*c","","delta = 1","3*b1 - b2 - 3*c","False","delta = 1","-b1 + c","False","normalised","-(b1 - b2)*d^3 - (b1 - c)*d^2 - (b2 - c)*d - c","True","normalised","(b1 - b2)*d^3 + (b1 - c)*d^2 + (b2 - c)*d + c"
"_10101010","True","True","delta = 1","b1 - c","False","delta = 1","-2*b1 + b2 + c","True","delta = 1","b1 - c","False","delta = 1","-2*b1 + 2*c","True","delta = 1","b1 - c","False","delta = 1","-3*b1 + 3*c","True","delta = 1","b2 - c","False","delta = 1","-2*b2 + 2*c"
"_10101011","True","True","delta = 1","b1 - c","False","delta = 1","-2*b1 + b2 + c","False","delta = 1","-b1 + c","True","delta = 1","2*b1 - 2*b2","True","delta = 1","b1 - c","False","delta = 1","-3*b1 + 3*c","False","delta = 1","-2*b1 + b2 + c","True","delta = 1","2*b1 - 2*b2"
"_10101100","True","True","delta = 1","2*b1 - 2*b2","True","delta = 1","b1 + b2 - 2*c","False","delta = 1","-3*b1 + b2 + 2*c","False","delta = 1","-2*b1 - 2*b2 + 4*c","True","delta = 1","2*b1 - 2*b2","False","delta = 1","-7*b1 + b2 + 6*c","True","delta = 1","b1 + b2 - 2*c","False","delta = 1","-2*b1 - 2*b2 + 4*c"
"_10101101","True","True","delta = 1","2*b1 - 2*b2","False","delta = 1","-3*b1 + b2 + 2*c","False","delta = 1","-3*b1 + b2 + 2*c","True","delta = 1","2*b1 - 2*b2","True","delta = 1","2*b1 - 2*b2","False","delta = 1","-7*b1 + b2 + 6*c","False","delta = 1","-3*b1 + b2 + 2*c","True","delta = 1","2*b1 - 2*b2"
"_10101110","True","","delta = 1","b1 - b2 - c","True","delta = 1","2*b1 - b2 - c","True","delta = 1","2*b1 - b2 - c","False","delta = 1","-b1 + c","","delta = 1","b1 - b2 - c","False","delta = 1","-b1 + c","True","delta = 1","b1 - c","False","delta = 1","-b1 + c"
"_10101111","True","","delta = 1","b1 - b2 - c","True","delta = 1","2*b1 - b2 - c","True","delta = 1","2*b1 - b2 - c","True","delta = 1","2*b1 - b2 - c","","delta = 1","b1 - b2 - c","False","delta = 1","-b1 + c","False","directly","-c","True","directly","c"
"_10110000","True","","delta = 1","b1 - 2*c","True","delta = 1","b1 - c","True","delta = 1","b1 - c","True","delta = 1","b1 - c","","delta = 1","b1 - 2*c","False","delta = 1","-b1 + c","False","directly","-c","","delta = 1","b1 - 2*c"
"_10110001","True","","delta = 1","b1 - 2*c","True","delta = 1","b1 - c","True","delta = 1","b1 - c","True","delta = 1","2*b1 - 2*c","","delta = 1","b1 - 2*c","False","delta = 1","-b1 + c","False","directly","-(b2 - c)*d - c","","delta = 1","b1 - 2*c"
"_10110010","True","True","delta = 1","b1 - c","False","delta = 1","-2*b1 + b2 + c","False","delta = 1","-b1 + c","False","delta = 1","-b1 + c","True","delta = 1","b1 - c","False","delta = 1","-3*b1 + 3*c","False","delta = 1","-2*b1 + b2 + c","True","delta = 1","b1 - c"
"_10110011","True","True","delta = 1","b1 - c","False","delta = 1","-2*b1 + b2 + c","False","delta = 1","-b1 + c","True","delta = 1","2*b1 - 2*b2","True","delta = 1","b1 - c","False","delta = 1","-3*b1 + 3*c","False","delta = 1","-2*b1 + b2 + c","True","delta = 1","b1 - c"
"_10110100","True","True","delta = 1","2*b1 - 2*b2","False","delta = 1","-3*b1 + b2 + 2*c","False","delta = 1","-3*b1 + b2 + 2*c","True","delta = 1","2*b1 - 2*b2","True","delta = 1","2*b1 - 2*b2","False","delta = 1","-7*b1 + b2 + 6*c","False","delta = 1","-3*b1 + b2 + 2*c","True","delta = 1","2*b1 - 2*b2"
"_10110101","True","True","delta = 1","2*b1 - 2*b2","False","delta = 1","-3*b1 + b2 + 2*c","False","delta = 1","-3*b1 + b2 + 2*c","True","delta = 1","2*b1 - 2*b2","True","delta = 1","2*b1 - 2*b2","False","delta = 1","-7*b1 + b2 + 6*c","False","delta = 1","-3*b1 + b2 + 2*c","True","delta = 1","2*b1 - 2*b2"
"_10110110","True","","delta = 1","b1 - b2 - c","True","delta = 1","2*b1 - b2 - c","True","delta = 1","2*b1 - b2 - c","True","delta = 1","b1 - b2","","delta = 1","b1 - b2 - c","False","delta = 1","-b1 + c","","delta = 1","b2 - 2*c","","delta = 1","b1 - b2 - c"
"_10110111","True","","delta = 1","b1 - b2 - c","True","delta = 1","2*b1 - b2 - c","True","delta = 1","2*b1 - b2 - c","True","delta = 1","2*b1 - b2 - c","","delta = 1","b1 - b2 - c","False","delta = 1","-b1 + c","False","directly","-c","","delta = 1","b1 - b2 - c"
"_10111000","True","","delta = 1","b1 - 2*c","True","delta = 1","b1 - c","True","delta = 1","b1 - c","True","delta = 1","b1 - c","","delta = 1","b1 - 2*c","False","delta = 1","-b1 + c","False","directly","-c","","delta = 1","b1 - 2*c"
"_10111001","True","","delta = 1","b1 - 2*c","True","delta = 1","b1 - c","True","delta = 1","b1 - c","True","delta = 1","2*b1 - 2*c","","delta = 1","b1 - 2*c","False","delta = 1","-b1 + c","False","directly","-(b2 - c)*d - c","","delta = 1","b1 - 2*c"
"_10111010","True","True","delta = 1","b1 - c","False","delta = 1","-2*b1 + b2 + c","False","delta = 1","-b1 + c","False","delta = 1","-b1 + c","True","delta = 1","b1 - c","False","delta = 1","-3*b1 + 3*c","False","delta = 1","-2*b1 + b2 + c","True","delta = 1","b1 - c"
"_10111011","True","True","delta = 1","b1 - c","False","delta = 1","-2*b1 + b2 + c","False","delta = 1","-b1 + c","True","delta = 1","2*b1 - 2*b2","True","delta = 1","b1 - c","False","delta = 1","-3*b1 + 3*c","False","delta = 1","-2*b1 + b2 + c","True","delta = 1","b1 - c"
"_10111100","True","True","delta = 1","2*b1 - 2*b2","False","delta = 1","-3*b1 + b2 + 2*c","False","delta = 1","-3*b1 + b2 + 2*c","True","delta = 1","2*b1 - 2*b2","True","delta = 1","2*b1 - 2*b2","False","delta = 1","-7*b1 + b2 + 6*c","False","delta = 1","-3*b1 + b2 + 2*c","True","delta = 1","2*b1 - 2*b2"
"_10111101","True","True","delta = 1","2*b1 - 2*b2","False","delta = 1","-3*b1 + b2 + 2*c","False","delta = 1","-3*b1 + b2 + 2*c","True","delta = 1","2*b1 - 2*b2","True","delta = 1","2*b1 - 2*b2","False","delta = 1","-7*b1 + b2 + 6*c","False","delta = 1","-3*b1 + b2 + 2*c","True","delta = 1","2*b1 - 2*b2"
"_10111110","True","","delta = 1","b1 - b2 - c","True","delta = 1","2*b1 - b2 - c","True","delta = 1","2*b1 - b2 - c","True","delta = 1","b1 - b2","","delta = 1","b1 - b2 - c","False","delta = 1","-b1 + c","","delta = 1","b2 - 2*c","","delta = 1","b1 - b2 - c"
"_10111111","True","","delta = 1","b1 - b2 - c","True","delta = 1","2*b1 - b2 - c","True","delta = 1","2*b1 - b2 - c","True","delta = 1","2*b1 - b2 - c","","delta = 1","b1 - b2 - c","False","delta = 1","-b1 + c","False","directly","-c","","delta = 1","b1 - b2 - c"
"_11000000","True","True","delta = 1","b1 - c","True","directly","c*d + c","True","directly","c*d + c","True","directly","c*d + c","True","delta = 1","b1 - c","False","directly","-c","False","delta = 1","-2*b1 + 2*c","True","directly","c"
"_11000001","True","","delta = 1","3*b1 - b2 - 3*c","True","normalised","(b1 - b2)*d^4 + (b1 - c)*d^3 + (b2 - c)*d^2 + c*d + c","True","normalised","(b1 - b2)*d^4 + (b1 - c)*d^3 + (b2 - c)*d^2 + c*d + c","","delta = 1","3*b1 - b2 - 4*c","","delta = 1","3*b1 - b2 - 3*c","False","normalised","-(b1 - b2)*d^3 - (b1 - c)*d^2 - (b2 - c)*d - c","False","delta = 1","-b1 + c","True","normalised","(b1 - b2)*d^3 + (b1 - c)*d^2 + (b2 - c)*d + c"
"_11000010","True","True","delta = 1","2*b1 - 2*b2","False","delta = 1","-3*b1 + b2 + 2*c","True","delta = 1","b1 + b2 - 2*c","False","delta = 1","-2*b1 - 2*b2 + 4*c","True","delta = 1","2*b1 - 2*b2","True","delta = 1","b1 + b2 - 2*c","False","delta = 1","-7*b1 + b2 + 6*c","False","delta = 1","-2*b1 - 2*b2 + 4*c"
"_11000011","True","True","delta = 1","2*b1 - 2*b2","False","delta = 1","-3*b1 + b2 + 2*c","False","delta = 1","-3*b1 + b2 + 2*c","True","delta = 1","2*b1 - 2*b2","True","delta = 1","2*b1 - 2*b2","False","delta = 1","-3*b1 + b2 + 2*c","False","delta = 1","-7*b1 + b2 + 6*c","True","delta = 1","2*b1 - 2*b2"
"_11000100","True","False","delta = 1","-2*b2 - 2*c","False","directly","(c*d + c)/(d^2 - 1)","","delta = 1","-b1 + b2 + 2*c","True","directly","-(c*d + c)*d/(d^2 - 1) - (c*d + c)/(d^2 - 1)","False","delta = 1","-2*b2 - 2*c","False","directly","(c*d + c)/(d^2 - 1)","","delta = 1","-3*b1 + b2 + 4*c","True","directly","-(c*d + c)*d/(d^2 - 1) - (c*d + c)/(d^2 - 1)"
"_11000101","True","False","delta = 1","-2*b2 - 2*c","False","directly","-(b2 - c)*d^2 + (b1 - c)*d^3/(d - 1) + (c*d + c)/(d^2 - 1)","","delta = 1","-b1 + b2 + 2*c","False","delta = 1","-2*b2 - 2*c","False","delta = 1","-2*b2 - 2*c","False","directly","-(b2 - c)*d + (b1 - c)*d^2/(d - 1) + (c*d + c)/(d^2 - 1)","","delta = 1","-3*b1 + b2 + 4*c","True","directly","(b2 - c)*d - (b1 - c)*d^2/(d - 1) - (c*d + c)*d/(d^2 - 1) - (c*d + c)/(d^2 - 1)"
"_11000110","True","","delta = 1","b1 - b2 - c","","delta = 1","b1 - b2 - 2*c","","delta = 1","b1 - b2 - 2*c","False","delta = 1","-b1 + c","","delta = 1","b1 - b2 - c","True","delta = 1","b1 - c","False","delta = 1","-b1 + c","False","delta = 1","-b1 + c"
"_11000111","True","","delta = 1","b1 - b2 - c","","delta = 1","b1 - b2 - 2*c","","delta = 1","b1 - b2 - 2*c","","delta = 1","b1 - b2 - 2*c","","delta = 1","b1 - b2 - c","False","directly","-c","False","delta = 1","-b1 + c","True","directly","c"
"_11001000","True","True","delta = 1","b1 - c","True","directly","c*d + c","True","directly","c*d + c","True","directly","c*d + c","True","delta = 1","b1 - c","False","directly","-c","False","delta = 1","-2*b1 + 2*c","True","directly","c"
"_11001001","True","","delta = 1","3*b1 - b2 - 3*c","True","normalised","(b1 - b2)*d^4 + (b1 - c)*d^3 + (b2 - c)*d^2 + c*d + c","True","normalised","(b1 - b2)*d^4 + (b1 - c)*d^3 + (b2 - c)*d^2 + c*d + c","","delta = 1","3*b1 - b2 - 4*c","","delta = 1","3*b1 - b2 - 3*c","False","normalised","-(b1 - b2)*d^3 - (b1 - c)*d^2 - (b2 - c)*d - c","False","delta = 1","-b1 + c","True","normalised","(b1 - b2)*d^3 + (b1 - c)*d^2 + (b2 - c)*d + c"
"_11001010","True","True","delta = 1","2*b1 - 2*b2","False","delta = 1","-3*b1 + b2 + 2*c","True","delta = 1","b1 + b2 - 2*c","False","delta = 1","-2*b1 - 2*b2 + 4*c","True","delta = 1","2*b1 - 2*b2","True","delta = 1","b1 + b2 - 2*c","False","delta = 1","-7*b1 + b2 + 6*c","False","delta = 1","-2*b1 - 2*b2 + 4*c"
"_11001011","True","True","delta = 1","2*b1 - 2*b2","False","delta = 1","-3*b1 + b2 + 2*c","False","delta = 1","-3*b1 + b2 + 2*c","True","delta = 1","2*b1 - 2*b2","True","delta = 1","2*b1 - 2*b2","False","delta = 1","-3*b1 + b2 + 2*c","False","delta = 1","-7*b1 + b2 + 6*c","True","delta = 1","2*b1 - 2*b2"
"_11001100","True","False","delta = 1","-2*b2 - 2*c","False","directly","(c*d + c)/(d^2 - 1)","","delta = 1","-b1 + b2 + 2*c","True","directly","-(c*d + c)*d/(d^2 - 1) - (c*d + c)/(d^2 - 1)","False","delta = 1","-2*b2 - 2*c","False","directly","(c*d + c)/(d^2 - 1)","","delta = 1","-3*b1 + b2 + 4*c","True","directly","-(c*d + c)*d/(d^2 - 1) - (c*d + c)/(d^2 - 1)"
"_11001101","True","False","delta = 1","-2*b2 - 2*c","False","directly","-(b2 - c)*d^2 + (b1 - c)*d^3/(d - 1) + (c*d + c)/(d^2 - 1)","","delta = 1","-b1 + b2 + 2*c","False","delta = 1","-2*b2 - 2*c","False","delta = 1","-2*b2 - 2*c","False","directly","-(b2 - c)*d + (b1 - c)*d^2/(d - 1) + (c*d + c)/(d^2 - 1)","","delta = 1","-3*b1 + b2 + 4*c","True","directly","(b2 - c)*d - (b1 - c)*d^2/(d - 1) - (c*d + c)*d/(d^2 - 1) - (c*d + c)/(d^2 - 1)"
"_11001110","True","","delta = 1","b1 - b2 - c","","delta = 1","b1 - b2 - 2*c","","delta = 1","b1 - b2 - 2*c","False","delta = 1","-b1 + c","","delta = 1","b1 - b2 - c","True","delta = 1","b1 - c","False","delta = 1","-b1 + c","False","delta = 1","-b1 + c"
"_11001111","True","","delta = 1","b1 - b2 - c","","delta = 1","b1 - b2 - 2*c","","delta = 1","b1 - b2 - 2*c","","delta = 1","b1 - b2 - 2*c","","delta = 1","b1 - b2 - c","False","directly","-c","False","delta = 1","-b1 + c","True","directly","c"
"_11010000","True","","delta = 1","b1 - 2*c","True","directly","(b1 - c)*d^3/(d - 1) + c*d + c - (b1 - c)*d/(d - 1)","True","directly","(b1 - c)*d^3/(d - 1) + c*d + c - (b1 - c)*d/(d - 1)","True","directly","(b1 - c)*d^3/(d - 1) + c*d + c - (b1 - c)*d/(d - 1)","","delta = 1","b1 - 2*c","False","directly","-c","False","delta = 1","-b1 + c","","delta = 1","b1 - 2*c"
"_11010001","True","","delta = 1","b1 - 2*c","True","directly","(b1 - c)*d^3/(d - 1) + c*d + c - (b1 - c)*d/(d - 1)","True","directly","(b1 - c)*d^3/(d - 1) + c*d + c - (b1 - c)*d/(d - 1)","","delta = 1","b1 - 3*c","","delta = 1","b1 - 2*c","False","directly","-(b2 - c)*d - c","False","delta = 1","-b1 + c","","delta = 1","b1 - 2*c"
"_11010010","True","True","delta = 1","2*b1 - 2*b2","False","delta = 1","-3*b1 + b2 + 2*c","False","delta = 1","-3*b1 + b2 + 2*c","True","delta = 1","2*b1 - 2*b2","True","delta = 1","2*b1 - 2*b2","False","delta = 1","-3*b1 + b2 + 2*c","False","delta = 1","-7*b1 + b2 + 6*c","True","delta = 1","2*b1 - 2*b2"
"_11010011","True","True","delta = 1","2*b1 - 2*b2","False","delta = 1","-3*b1 + b2 + 2*c","False","delta = 1","-3*b1 + b2 + 2*c","True","delta = 1","2*b1 - 2*b2","True","delta = 1","2*b1 - 2*b2","False","delta = 1","-3*b1 + b2 + 2*c","False","delta = 1","-7*b1 + b2 + 6*c","True","delta = 1","2*b1 - 2*b2"
"_11010100","True","False","delta = 1","-2*b2 - 2*c","False","directly","(b1 - c)*d/(d - 1) + (c*d + c)/(d^2 - 1)","","delta = 1","-b1 + b2 + 2*c","True","directly","-(c*d + c)*d/(d^2 - 1) - (b1 - c)*d/(d - 1) - (c*d + c)/(d^2 - 1)","False","delta = 1","-2*b2 - 2*c","False","directly","(b1 - c)*d^2/(d - 1) + (c*d + c)/(d^2 - 1)","","delta = 1","-3*b1 + b2 + 4*c","False","delta = 1","-2*b2 - 2*c"
"_11010101","True","False","delta = 1","-2*b2 - 2*c","False","directly","(b1 - c)*d/(d - 1) + (c*d + c)/(d^2 - 1)","","delta = 1","-b1 + b2 + 2*c","False","delta = 1","-2*b2 - 2*c","False","delta = 1","-2*b2 - 2*c","False","directly","-(b2 - c)*d + (b1 - c)*d^2/(d - 1) + (c*d + c)/(d^2 - 1)","","delta = 1","-3*b1 + b2 + 4*c","False","delta = 1","-2*b2 - 2*c"
"_11010110","True","","delta = 1","b1 - b2 - c","","delta = 1","b1 - b2 - 2*c","","delta = 1","b1 - b2 - 2*c","True","normalised","(b1 - b2)*d^2 + b1*d + c","","delta = 1","b1 - b2 - c","","delta = 1","b2 - 2*c","False","delta = 1","-b1 + c","","delta = 1","b1 - b2 - c"
"_11010111","True","","delta = 1","b1 - b2 - c","","delta = 1","b1 - b2 - 2*c","","delta = 1","b1 - b2 - 2*c","","delta = 1","b1 - b2 - 2*c","","delta = 1","b1 - b2 - c","False","directly","-c","False","delta = 1","-b1 + c","","delta = 1","b1 - b2 - c"
"_11011000","True","","delta = 1","b1 - 2*c","True","directly","(b1 - c)*d^3/(d - 1) + c*d + c - (b1 - c)*d/(d - 1)","True","directly","(b1 - c)*d^3/(d - 1) + c*d + c - (b1 - c)*d/(d - 1)","True","directly","(b1 - c)*d^3/(d - 1) + c*d + c - (b1 - c)*d/(d - 1)","","delta = 1","b1 - 2*c","False","directly","-c","False","delta = 1","-b1 + c","","delta = 1","b1 - 2*c"
"_11011001","True","","delta = 1","b1 - 2*c","True","directly","(b1 - c)*d^3/(d - 1) + c*d + c - (b1 - c)*d/(d - 1)","True","directly","(b1 - c)*d^3/(d - 1) + c*d + c - (b1 - c)*d/(d - 1)","","delta = 1","b1 - 3*c","","delta = 1","b1 - 2*c","False","directly","-(b2 - c)*d - c","False","delta = 1","-b1 + c","","delta = 1","b1 - 2*c"
"_11011010","True","True","delta = 1","2*b1 - 2*b2","False","delta = 1","-3*b1 + b2 + 2*c","False","delta = 1","-3*b1 + b2 + 2*c","True","delta = 1","2*b1 - 2*b2","True","delta = 1","2*b1 - 2*b2","False","delta = 1","-3*b1 + b2 + 2*c","False","delta = 1","-7*b1 + b2 + 6*c","True","delta = 1","2*b1 - 2*b2"
"_11011011","True","True","delta = 1","2*b1 - 2*b2","False","delta = 1","-3*b1 + b2 + 2*c","False","delta = 1","-3*b1 + b2 + 2*c","True","delta = 1","2*b1 - 2*b2","True","delta = 1","2*b1 - 2*b2","False","delta = 1","-3*b1 + b2 + 2*c","False","delta = 1","-7*b1 + b2 + 6*c","True","delta = 1","2*b1 - 2*b2"
"_11011100","True","False","delta = 1","-2*b2 - 2*c","False","directly","(b1 - c)*d/(d - 1) + (c*d + c)/(d^2 - 1)","","delta = 1","-b1 + b2 + 2*c","True","directly","-(c*d + c)*d/(d^2 - 1) - (b1 - c)*d/(d - 1) - (c*d + c)/(d^2 - 1)","False","delta = 1","-2*b2 - 2*c","False","directly","(b1 - c)*d^2/(d - 1) + (c*d + c)/(d^2 - 1)","","delta = 1","-3*b1 + b2 + 4*c","False","delta = 1","-2*b2 - 2*c"
"_11011101","True","False","delta = 1","-2*b2 - 2*c","False","directly","(b1 - c)*d/(d - 1) + (c*d + c)/(d^2 - 1)","","delta = 1","-b1 + b2 + 2*c","False","delta = 1","-2*b2 - 2*c","False","delta = 1","-2*b2 - 2*c","False","directly","-(b2 - c)*d + (b1 - c)*d^2/(d - 1) + (c*d + c)/(d^2 - 1)","","delta = 1","-3*b1 + b2 + 4*c","False","delta = 1","-2*b2 - 2*c"
"_11011110","True","","delta = 1","b1 - b2 - c","","delta = 1","b1 - b2 - 2*c","","delta = 1","b1 - b2 - 2*c","True","normalised","(b1 - b2)*d^2 + b1*d + c","","delta = 1","b1 - b2 - c","","delta = 1","b2 - 2*c","False","delta = 1","-b1 + c","","delta = 1","b1 - b2 - c"
"_11011111","True","","delta = 1","b1 - b2 - c","","delta = 1","b1 - b2 - 2*c","","delta = 1","b1 - b2 - 2*c","","delta = 1","b1 - b2 - 2*c","","delta = 1","b1 - b2 - c","False","directly","-c","False","delta = 1","-b1 + c","","delta = 1","b1 - b2 - c"
"_11100000","True","True","delta = 1","b1 - c","False","delta = 1","-b1 + c","False","delta = 1","-b1 + c","False","delta = 1","-b1 + c","True","delta = 1","b1 - c","True","delta = 1","b1 - c","True","delta = 1","b1 - c","True","directly","c"
"_11100001","True","","delta = 1","3*b1 - b2 - 3*c","","delta = 1","-2*b1 + b2 + 2*c","","delta = 1","-2*b1 + b2 + 2*c","False","directly","-c","","delta = 1","3*b1 - b2 - 3*c","","delta = 1","3*b1 - b2 - 3*c","","delta = 1","3*b1 - b2 - 3*c","True","normalised","(b1 - b2)*d^3 + (b1 - c)*d^2 + (b2 - c)*d + c"
"_11100010","True","True","delta = 1","b1 - c","True","directly","c","True","delta = 1","b1 - c","False","delta = 1","-b1 + c","True","delta = 1","b1 - c","True","delta = 1","b1 - c","True","delta = 1","b1 - c","False","delta = 1","-b1 + c"
"_11100011","True","True","delta = 1","b1 - c","True","directly","c","","delta = 1","2*b1 - b2 - 2*c","False","directly","-c","True","delta = 1","b1 - c","True","delta = 1","b1 - c","True","delta = 1","b1 - c","True","directly","(b2 - c)*d - b2*d + c"
"_11100100","True","","delta = 1","b1 - b2 - 2*c","True","delta = 1","b1 - c","True","directly","c","False","delta = 1","-b1 + c","","delta = 1","b1 - b2 - 2*c","","delta = 1","b1 - b2 - 2*c","","delta = 1","b1 - b2 - 2*c","False","delta = 1","-b1 + c"
"_11100101","True","","delta = 1","b1 - b2 - 2*c","","delta = 1","2*b1 - b2 - 2*c","True","directly","c","False","directly","-c","","delta = 1","b1 - b2 - 2*c","","delta = 1","b1 - b2 - 2*c","","delta = 1","b1 - b2 - 2*c","True","directly","(b2 - c)*d + c*d + c"
"_11100110","True","","delta = 1","b1 - b2 - c","False","directly","-c","False","directly","-c","False","delta = 1","-b1 + c","","delta = 1","b1 - b2 - c","","delta = 1","b1 - b2 - c","","delta = 1","b1 - b2 - c","False","delta = 1","-b1 + c"
"_11100111","True","","delta = 1","b1 - b2 - c","False","directly","-c","False","directly","-c","False","directly","-c","","delta = 1","b1 - b2 - c","","delta = 1","b1 - b2 - c","","delta = 1","b1 - b2 - c","True","directly","c"
"_11101000","True","True","delta = 1","b1 - c","False","delta = 1","-b1 + c","False","delta = 1","-b1 + c","False","delta = 1","-b1 + c","True","delta = 1","b1 - c","True","delta = 1","b1 - c","True","delta = 1","b1 - c","True","directly","c"
"_11101001","True","","delta = 1","3*b1 - b2 - 3*c","","delta = 1","-2*b1 + b2 + 2*c","","delta = 1","-2*b1 + b2 + 2*c","False","directly","-c","","delta = 1","3*b1 - b2 - 3*c","","delta = 1","3*b1 - b2 - 3*c","","delta = 1","3*b1 - b2 - 3*c","True","normalised","(b1 - b2)*d^3 + (b1 - c)*d^2 + (b2 - c)*d + c"
"_11101010","True","True","delta = 1","b1 - c","True","directly","c","True","delta = 1","b1 - c","False","delta = 1","-b1 + c","True","delta = 1","b1 - c","True","delta = 1","b1 - c","True","delta = 1","b1 - c","False","delta = 1","-b1 + c"
"_11101011","True","True","delta = 1","b1 - c","True","directly","c","","delta = 1","2*b1 - b2 - 2*c","False","directly","-c","True","delta = 1","b1 - c","True","delta = 1","b1 - c","True","delta = 1","b1 - c","True","directly","(b2 - c)*d - b2*d + c"
"_11101100","True","","delta = 1","b1 - b2 - 2*c","True","delta = 1","b1 - c","True","directly","c","False","delta = 1","-b1 + c","","delta = 1","b1 - b2 - 2*c","","delta = 1","b1 - b2 - 2*c","","delta = 1","b1 - b2 - 2*c","False","delta = 1","-b1 + c"
"_11101101","True","","delta = 1","b1 - b2 - 2*c","","delta = 1","2*b1 - b2 - 2*c","True","directly","c","False","directly","-c","","delta = 1","b1 - b2 - 2*c","","delta = 1","b1 - b2 - 2*c","","delta = 1","b1 - b2 - 2*c","True","directly","(b2 - c)*d + c*d + c"
"_11101110","True","","delta = 1","b1 - b2 - c","False","directly","-c","False","directly","-c","False","delta = 1","-b1 + c","","delta = 1","b1 - b2 - c","","delta = 1","b1 - b2 - c","","delta = 1","b1 - b2 - c","False","delta = 1","-b1 + c"
"_11101111","True","","delta = 1","b1 - b2 - c","False","directly","-c","False","directly","-c","False","directly","-c","","delta = 1","b1 - b2 - c","","delta = 1","b1 - b2 - c","","delta = 1","b1 - b2 - c","True","directly","c"
"_11110000","False","","delta = 1","b1 - 2*c","True","directly","c","True","directly","c","True","directly","c","","delta = 1","b1 - 2*c","","delta = 1","b1 - 2*c","","delta = 1","b1 - 2*c","","delta = 1","b1 - 2*c"
"_11110001","True","","delta = 1","b1 - 2*c","True","directly","c","True","directly","c","False","directly","-c","","delta = 1","b1 - 2*c","","delta = 1","b1 - 2*c","","delta = 1","b1 - 2*c","","delta = 1","b1 - 2*c"
"_11110010","True","True","delta = 1","b1 - c","True","directly","c","False","directly","-c","True","directly","c","True","delta = 1","b1 - c","True","delta = 1","b1 - c","True","delta = 1","b1 - c","True","delta = 1","b1 - c"
"_11110011","True","True","delta = 1","b1 - c","True","directly","c","False","directly","-c","False","directly","-c","True","delta = 1","b1 - c","True","delta = 1","b1 - c","True","delta = 1","b1 - c","True","delta = 1","b1 - c"
"_11110100","True","","delta = 1","b1 - b2 - 2*c","False","directly","-c","True","directly","c","True","directly","c","","delta = 1","b1 - b2 - 2*c","","delta = 1","b1 - b2 - 2*c","","delta = 1","b1 - b2 - 2*c","","delta = 1","b1 - b2 - 2*c"
"_11110101","True","","delta = 1","b1 - b2 - 2*c","False","directly","-c","True","directly","c","False","directly","-c","","delta = 1","b1 - b2 - 2*c","","delta = 1","b1 - b2 - 2*c","","delta = 1","b1 - b2 - 2*c","","delta = 1","b1 - b2 - 2*c"
"_11110110","True","","delta = 1","b1 - b2 - c","False","directly","-c","False","directly","-c","True","directly","c","","delta = 1","b1 - b2 - c","","delta = 1","b1 - b2 - c","","delta = 1","b1 - b2 - c","","delta = 1","b1 - b2 - c"
"_11110111","True","","delta = 1","b1 - b2 - c","False","directly","-c","False","directly","-c","False","directly","-c","","delta = 1","b1 - b2 - c","","delta = 1","b1 - b2 - c","","delta = 1","b1 - b2 - c","","delta = 1","b1 - b2 - c"
"_11111000","False","","delta = 1","b1 - 2*c","True","directly","c","True","directly","c","True","directly","c","","delta = 1","b1 - 2*c","","delta = 1","b1 - 2*c","","delta = 1","b1 - 2*c","","delta = 1","b1 - 2*c"
"_11111001","True","","delta = 1","b1 - 2*c","True","directly","c","True","directly","c","False","directly","-c","","delta = 1","b1 - 2*c","","delta = 1","b1 - 2*c","","delta = 1","b1 - 2*c","","delta = 1","b1 - 2*c"
"_11111010","True","True","delta = 1","b1 - c","True","directly","c","False","directly","-c","True","directly","c","True","delta = 1","b1 - c","True","delta = 1","b1 - c","True","delta = 1","b1 - c","True","delta = 1","b1 - c"
"_11111011","True","True","delta = 1","b1 - c","True","directly","c","False","directly","-c","False","directly","-c","True","delta = 1","b1 - c","True","delta = 1","b1 - c","True","delta = 1","b1 - c","True","delta = 1","b1 - c"
"_11111100","True","","delta = 1","b1 - b2 - 2*c","False","directly","-c","True","directly","c","True","directly","c","","delta = 1","b1 - b2 - 2*c","","delta = 1","b1 - b2 - 2*c","","delta = 1","b1 - b2 - 2*c","","delta = 1","b1 - b2 - 2*c"
"_11111101","True","","delta = 1","b1 - b2 - 2*c","False","directly","-c","True","directly","c","False","directly","-c","","delta = 1","b1 - b2 - 2*c","","delta = 1","b1 - b2 - 2*c","","delta = 1","b1 - b2 - 2*c","","delta = 1","b1 - b2 - 2*c"
"_11111110","True","","delta = 1","b1 - b2 - c","False","directly","-c","False","directly","-c","True","directly","c","","delta = 1","b1 - b2 - c","","delta = 1","b1 - b2 - c","","delta = 1","b1 - b2 - c","","delta = 1","b1 - b2 - c"
"_11111111","True","","delta = 1","b1 - b2 - c","False","directly","-c","False","directly","-c","False","directly","-c","","delta = 1","b1 - b2 - c","","delta = 1","b1 - b2 - c","","delta = 1","b1 - b2 - c","","delta = 1","b1 - b2 - c"
